keyword,dizi,dizi_anahtar,kategori,tur,tur_ham,cikis_yili,sezon_sayisi,durum,sayfa_tipi,intent_katmani,entity_tipi,sezon_no,belirsiz_ad,marka_tipi,dil,erisim,apple_resmi,search_volume,competition,competition_index,cpc,low_bid,high_bid,veri_var,2026-07,2026-06,2026-05,2026-04,2026-03,2026-02,2026-01,2025-12,2025-11,2025-10,2025-09,2025-08,2025-07,2025-06,2025-05,2025-04,2025-03,2025-02,2025-01,2024-12,2024-11,2024-10,2024-09,2024-08,2024-07,2024-06,2024-05,2024-04,2024-03,2024-02,2024-01
neuromancer,Neuromancer,neuromancer,Drama,Bilim Kurgu,Cyberpunk science fiction,2027,1,Yakında,Dizi Ana,Navigasyonel,Dizi,,hayır,Jenerik,tr,Doğrulanacak,evet,1900,LOW,16,0.13,0.05,0.2,evet,9900,1000,1600,1600,1600,1300,1600,1900,1900,1300,1300,1300,1600,1000,1300,1300,1300,1900,1900,1300,1300,1300,1000,1000,1300,1000,1300,1300,1900,1600,1600
neuromancer dizi,Neuromancer,neuromancer,Drama,Bilim Kurgu,Cyberpunk science fiction,2027,1,Yakında,Dizi Ana,Navigasyonel,Dizi,,hayır,Jenerik,tr,Doğrulanacak,evet,390,LOW,1,0.15,0.16,0.8,evet,3600,70,70,90,90,70,70,110,70,30,10,20,40,10,20,10,30,140,0,0,0,0,0,0,0,0,0,0,0,0,0
neuromancer dizisi,Neuromancer,neuromancer,Drama,Bilim Kurgu,Cyberpunk science fiction,2027,1,Yakında,Dizi Ana,Navigasyonel,Dizi,,hayır,Jenerik,tr,Doğrulanacak,evet,,,,,,,hayir,,,,,,,,,,,,,,,,,,,,,,,,,,,,,,,
neuromancer izle,Neuromancer,neuromancer,Drama,Bilim Kurgu,Cyberpunk science fiction,2027,1,Yakında,İzleme,İzleme,Dizi,,hayır,Jenerik,tr,Doğrulanacak,evet,110,LOW,0,,,,evet,480,70,140,140,140,50,50,70,70,20,20,30,30,30,30,10,20,110,0,0,0,0,0,0,0,0,0,0,0,0,0
neuromancer türkçe dublaj izle,Neuromancer,neuromancer,Drama,Bilim Kurgu,Cyberpunk science fiction,2027,1,Yakında,İzleme,İzleme,Dizi,,hayır,Jenerik,tr,Doğrulanacak,evet,,,,,,,hayir,,,,,,,,,,,,,,,,,,,,,,,,,,,,,,,
neuromancer altyazılı izle,Neuromancer,neuromancer,Drama,Bilim Kurgu,Cyberpunk science fiction,2027,1,Yakında,İzleme,İzleme,Dizi,,hayır,Jenerik,tr,Doğrulanacak,evet,,,,,,,hayir,,,,,,,,,,,,,,,,,,,,,,,,,,,,,,,
neuromancer türkçe dublaj,Neuromancer,neuromancer,Drama,Bilim Kurgu,Cyberpunk science fiction,2027,1,Yakında,İzleme,İzleme,Dizi,,hayır,Jenerik,tr,Doğrulanacak,evet,,,,,,,hayir,,,,,,,,,,,,,,,,,,,,,,,,,,,,,,,
neuromancer dizi izle,Neuromancer,neuromancer,Drama,Bilim Kurgu,Cyberpunk science fiction,2027,1,Yakında,İzleme,İzleme,Dizi,,hayır,Jenerik,tr,Doğrulanacak,evet,30,LOW,4,,,,evet,90,10,40,50,40,20,30,40,30,0,0,0,0,0,0,0,0,0,0,0,0,0,0,0,0,0,0,0,0,0,0
neuromancer full izle,Neuromancer,neuromancer,Drama,Bilim Kurgu,Cyberpunk science fiction,2027,1,Yakında,İzleme,İzleme,Dizi,,hayır,Jenerik,tr,Doğrulanacak,evet,,,,,,,hayir,,,,,,,,,,,,,,,,,,,,,,,,,,,,,,,
neuromancer hangi platformda,Neuromancer,neuromancer,Drama,Bilim Kurgu,Cyberpunk science fiction,2027,1,Yakında,Platform,İzleme,Dizi,,hayır,Jenerik,tr,Doğrulanacak,evet,,,,,,,hayir,,,,,,,,,,,,,,,,,,,,,,,,,,,,,,,
neuromancer nereden izlenir,Neuromancer,neuromancer,Drama,Bilim Kurgu,Cyberpunk science fiction,2027,1,Yakında,Platform,İzleme,Dizi,,hayır,Jenerik,tr,Doğrulanacak,evet,,,,,,,hayir,,,,,,,,,,,,,,,,,,,,,,,,,,,,,,,
neuromancer netflix,Neuromancer,neuromancer,Drama,Bilim Kurgu,Cyberpunk science fiction,2027,1,Yakında,Platform,İzleme,Dizi,,hayır,Platform Markalı,tr,Doğrulanacak,evet,10,LOW,5,,,,evet,10,0,0,10,10,10,10,0,10,0,0,10,0,0,0,0,0,10,0,0,10,0,0,0,0,0,0,0,0,10,10
neuromancer apple tv,Neuromancer,neuromancer,Drama,Bilim Kurgu,Cyberpunk science fiction,2027,1,Yakında,Platform,İzleme,Dizi,,hayır,Platform Markalı,tr,Doğrulanacak,evet,50,LOW,4,1,0.25,0.59,evet,320,30,20,10,40,30,30,50,70,10,10,10,20,10,10,10,10,30,10,10,10,10,10,10,10,10,10,10,10,20,10
neuromancer konusu,Neuromancer,neuromancer,Drama,Bilim Kurgu,Cyberpunk science fiction,2027,1,Yakında,Konu,Bilgi,Dizi,,hayır,Jenerik,tr,Doğrulanacak,evet,30,LOW,3,,,,evet,110,30,20,30,20,20,20,20,20,10,10,10,10,10,10,20,20,50,40,20,30,40,20,30,40,40,40,40,50,70,50
neuromancer ne anlatıyor,Neuromancer,neuromancer,Drama,Bilim Kurgu,Cyberpunk science fiction,2027,1,Yakında,Konu,Bilgi,Dizi,,hayır,Jenerik,tr,Doğrulanacak,evet,,,,,,,hayir,,,,,,,,,,,,,,,,,,,,,,,,,,,,,,,
neuromancer oyuncuları,Neuromancer,neuromancer,Drama,Bilim Kurgu,Cyberpunk science fiction,2027,1,Yakında,Oyuncular,Bilgi,Dizi,,hayır,Jenerik,tr,Doğrulanacak,evet,,,,,,,hayir,,,,,,,,,,,,,,,,,,,,,,,,,,,,,,,
neuromancer cast,Neuromancer,neuromancer,Drama,Bilim Kurgu,Cyberpunk science fiction,2027,1,Yakında,Oyuncular,Bilgi,Dizi,,hayır,Jenerik,en,Doğrulanacak,evet,10,LOW,0,,,,evet,30,0,0,10,0,0,10,10,10,10,10,10,10,10,0,10,10,0,0,0,10,0,0,0,10,0,0,0,0,0,0
neuromancer kaç sezon,Neuromancer,neuromancer,Drama,Bilim Kurgu,Cyberpunk science fiction,2027,1,Yakında,Sezon Bilgi,Bilgi,Dizi,,hayır,Jenerik,tr,Doğrulanacak,evet,,,,,,,hayir,,,,,,,,,,,,,,,,,,,,,,,,,,,,,,,
neuromancer yeni sezon ne zaman,Neuromancer,neuromancer,Drama,Bilim Kurgu,Cyberpunk science fiction,2027,1,Yakında,Sezon Takvim,Sezon & Takvim,Dizi,,hayır,Jenerik,tr,Doğrulanacak,evet,,,,,,,hayir,,,,,,,,,,,,,,,,,,,,,,,,,,,,,,,
neuromancer 2 sezon,Neuromancer,neuromancer,Drama,Bilim Kurgu,Cyberpunk science fiction,2027,1,Yakında,Sezon Takvim,Sezon & Takvim,Sezon,2,hayır,Jenerik,tr,Doğrulanacak,evet,,,,,,,hayir,,,,,,,,,,,,,,,,,,,,,,,,,,,,,,,
neuromancer 3 sezon,Neuromancer,neuromancer,Drama,Bilim Kurgu,Cyberpunk science fiction,2027,1,Yakında,Sezon Takvim,Sezon & Takvim,Sezon,3,hayır,Jenerik,tr,Doğrulanacak,evet,,,,,,,hayir,,,,,,,,,,,,,,,,,,,,,,,,,,,,,,,
neuromancer 2 sezon ne zaman,Neuromancer,neuromancer,Drama,Bilim Kurgu,Cyberpunk science fiction,2027,1,Yakında,Sezon Takvim,Sezon & Takvim,Sezon,2,hayır,Jenerik,tr,Doğrulanacak,evet,,,,,,,hayir,,,,,,,,,,,,,,,,,,,,,,,,,,,,,,,
neuromancer 3 sezon ne zaman,Neuromancer,neuromancer,Drama,Bilim Kurgu,Cyberpunk science fiction,2027,1,Yakında,Sezon Takvim,Sezon & Takvim,Sezon,3,hayır,Jenerik,tr,Doğrulanacak,evet,,,,,,,hayir,,,,,,,,,,,,,,,,,,,,,,,,,,,,,,,
neuromancer season 2,Neuromancer,neuromancer,Drama,Bilim Kurgu,Cyberpunk science fiction,2027,1,Yakında,Sezon Takvim,Sezon & Takvim,Sezon,2,hayır,Jenerik,en,Doğrulanacak,evet,,,,,,,hayir,,,,,,,,,,,,,,,,,,,,,,,,,,,,,,,
neuromancer season 3,Neuromancer,neuromancer,Drama,Bilim Kurgu,Cyberpunk science fiction,2027,1,Yakında,Sezon Takvim,Sezon & Takvim,Sezon,3,hayır,Jenerik,en,Doğrulanacak,evet,,,,,,,hayir,,,,,,,,,,,,,,,,,,,,,,,,,,,,,,,
neuromancer 2 sezon izle,Neuromancer,neuromancer,Drama,Bilim Kurgu,Cyberpunk science fiction,2027,1,Yakında,İzleme,İzleme,Sezon,2,hayır,Jenerik,tr,Doğrulanacak,evet,,,,,,,hayir,,,,,,,,,,,,,,,,,,,,,,,,,,,,,,,
neuromancer 3 sezon izle,Neuromancer,neuromancer,Drama,Bilim Kurgu,Cyberpunk science fiction,2027,1,Yakında,İzleme,İzleme,Sezon,3,hayır,Jenerik,tr,Doğrulanacak,evet,,,,,,,hayir,,,,,,,,,,,,,,,,,,,,,,,,,,,,,,,
neuromancer 1 sezon 1 bölüm,Neuromancer,neuromancer,Drama,Bilim Kurgu,Cyberpunk science fiction,2027,1,Yakında,Bölüm,İzleme,Bölüm,,hayır,Jenerik,tr,Doğrulanacak,evet,,,,,,,hayir,,,,,,,,,,,,,,,,,,,,,,,,,,,,,,,
neuromancer 1 bölüm,Neuromancer,neuromancer,Drama,Bilim Kurgu,Cyberpunk science fiction,2027,1,Yakında,Bölüm,İzleme,Bölüm,,hayır,Jenerik,tr,Doğrulanacak,evet,,,,,,,hayir,,,,,,,,,,,,,,,,,,,,,,,,,,,,,,,
neuromancer dizipal,Neuromancer,neuromancer,Drama,Bilim Kurgu,Cyberpunk science fiction,2027,1,Yakında,Korsan Markalı,İzleme,Dizi,,hayır,Korsan Markalı,tr,Doğrulanacak,evet,,,,,,,hayir,,,,,,,,,,,,,,,,,,,,,,,,,,,,,,,
neuromancer dizibox,Neuromancer,neuromancer,Drama,Bilim Kurgu,Cyberpunk science fiction,2027,1,Yakında,Korsan Markalı,İzleme,Dizi,,hayır,Korsan Markalı,tr,Doğrulanacak,evet,,,,,,,hayir,,,,,,,,,,,,,,,,,,,,,,,,,,,,,,,
last seen dizi,Last Seen,last seen,Drama,Suç & Gerilim,Thriller,2026,1,Devam,Dizi Ana,Navigasyonel,Dizi,,evet,Jenerik,tr,Doğrulanacak,evet,,,,,,,hayir,,,,,,,,,,,,,,,,,,,,,,,,,,,,,,,
last seen dizisi,Last Seen,last seen,Drama,Suç & Gerilim,Thriller,2026,1,Devam,Dizi Ana,Navigasyonel,Dizi,,evet,Jenerik,tr,Doğrulanacak,evet,,,,,,,hayir,,,,,,,,,,,,,,,,,,,,,,,,,,,,,,,
last seen izle,Last Seen,last seen,Drama,Suç & Gerilim,Thriller,2026,1,Devam,İzleme,İzleme,Dizi,,evet,Jenerik,tr,Doğrulanacak,evet,10,LOW,0,,,,evet,10,20,50,0,0,0,0,0,0,0,0,0,0,0,0,0,0,0,0,0,0,0,0,0,0,0,0,0,0,0,0
last seen türkçe dublaj izle,Last Seen,last seen,Drama,Suç & Gerilim,Thriller,2026,1,Devam,İzleme,İzleme,Dizi,,evet,Jenerik,tr,Doğrulanacak,evet,,,,,,,hayir,,,,,,,,,,,,,,,,,,,,,,,,,,,,,,,
last seen altyazılı izle,Last Seen,last seen,Drama,Suç & Gerilim,Thriller,2026,1,Devam,İzleme,İzleme,Dizi,,evet,Jenerik,tr,Doğrulanacak,evet,,,,,,,hayir,,,,,,,,,,,,,,,,,,,,,,,,,,,,,,,
last seen türkçe dublaj,Last Seen,last seen,Drama,Suç & Gerilim,Thriller,2026,1,Devam,İzleme,İzleme,Dizi,,evet,Jenerik,tr,Doğrulanacak,evet,,,,,,,hayir,,,,,,,,,,,,,,,,,,,,,,,,,,,,,,,
last seen dizi izle,Last Seen,last seen,Drama,Suç & Gerilim,Thriller,2026,1,Devam,İzleme,İzleme,Dizi,,evet,Jenerik,tr,Doğrulanacak,evet,,,,,,,hayir,,,,,,,,,,,,,,,,,,,,,,,,,,,,,,,
last seen full izle,Last Seen,last seen,Drama,Suç & Gerilim,Thriller,2026,1,Devam,İzleme,İzleme,Dizi,,evet,Jenerik,tr,Doğrulanacak,evet,,,,,,,hayir,,,,,,,,,,,,,,,,,,,,,,,,,,,,,,,
last seen hangi platformda,Last Seen,last seen,Drama,Suç & Gerilim,Thriller,2026,1,Devam,Platform,İzleme,Dizi,,evet,Jenerik,tr,Doğrulanacak,evet,,,,,,,hayir,,,,,,,,,,,,,,,,,,,,,,,,,,,,,,,
last seen nereden izlenir,Last Seen,last seen,Drama,Suç & Gerilim,Thriller,2026,1,Devam,Platform,İzleme,Dizi,,evet,Jenerik,tr,Doğrulanacak,evet,,,,,,,hayir,,,,,,,,,,,,,,,,,,,,,,,,,,,,,,,
last seen netflix,Last Seen,last seen,Drama,Suç & Gerilim,Thriller,2026,1,Devam,Platform,İzleme,Dizi,,evet,Platform Markalı,tr,Doğrulanacak,evet,10,,,,,,evet,0,0,0,0,0,0,0,0,0,10,0,0,0,0,0,0,0,0,0,0,10,0,0,0,0,0,0,0,0,0,10
last seen apple tv,Last Seen,last seen,Drama,Suç & Gerilim,Thriller,2026,1,Devam,Platform,İzleme,Dizi,,evet,Platform Markalı,tr,Doğrulanacak,evet,10,LOW,7,,,,evet,10,10,10,0,0,0,0,0,0,0,0,0,0,0,0,0,0,0,0,0,0,0,0,0,0,0,0,0,0,0,0
last seen konusu,Last Seen,last seen,Drama,Suç & Gerilim,Thriller,2026,1,Devam,Konu,Bilgi,Dizi,,evet,Jenerik,tr,Doğrulanacak,evet,,,,,,,hayir,,,,,,,,,,,,,,,,,,,,,,,,,,,,,,,
last seen ne anlatıyor,Last Seen,last seen,Drama,Suç & Gerilim,Thriller,2026,1,Devam,Konu,Bilgi,Dizi,,evet,Jenerik,tr,Doğrulanacak,evet,,,,,,,hayir,,,,,,,,,,,,,,,,,,,,,,,,,,,,,,,
last seen oyuncuları,Last Seen,last seen,Drama,Suç & Gerilim,Thriller,2026,1,Devam,Oyuncular,Bilgi,Dizi,,evet,Jenerik,tr,Doğrulanacak,evet,,,,,,,hayir,,,,,,,,,,,,,,,,,,,,,,,,,,,,,,,
last seen cast,Last Seen,last seen,Drama,Suç & Gerilim,Thriller,2026,1,Devam,Oyuncular,Bilgi,Dizi,,evet,Jenerik,en,Doğrulanacak,evet,10,,,,,,evet,0,0,0,10,0,0,0,0,0,0,0,0,0,0,0,0,0,0,0,0,0,0,0,0,0,0,0,0,0,0,0
last seen kaç sezon,Last Seen,last seen,Drama,Suç & Gerilim,Thriller,2026,1,Devam,Sezon Bilgi,Bilgi,Dizi,,evet,Jenerik,tr,Doğrulanacak,evet,,,,,,,hayir,,,,,,,,,,,,,,,,,,,,,,,,,,,,,,,
last seen yeni sezon ne zaman,Last Seen,last seen,Drama,Suç & Gerilim,Thriller,2026,1,Devam,Sezon Takvim,Sezon & Takvim,Dizi,,evet,Jenerik,tr,Doğrulanacak,evet,,,,,,,hayir,,,,,,,,,,,,,,,,,,,,,,,,,,,,,,,
last seen 2 sezon,Last Seen,last seen,Drama,Suç & Gerilim,Thriller,2026,1,Devam,Sezon Takvim,Sezon & Takvim,Sezon,2,evet,Jenerik,tr,Doğrulanacak,evet,,,,,,,hayir,,,,,,,,,,,,,,,,,,,,,,,,,,,,,,,
last seen 3 sezon,Last Seen,last seen,Drama,Suç & Gerilim,Thriller,2026,1,Devam,Sezon Takvim,Sezon & Takvim,Sezon,3,evet,Jenerik,tr,Doğrulanacak,evet,,,,,,,hayir,,,,,,,,,,,,,,,,,,,,,,,,,,,,,,,
last seen 2 sezon ne zaman,Last Seen,last seen,Drama,Suç & Gerilim,Thriller,2026,1,Devam,Sezon Takvim,Sezon & Takvim,Sezon,2,evet,Jenerik,tr,Doğrulanacak,evet,,,,,,,hayir,,,,,,,,,,,,,,,,,,,,,,,,,,,,,,,
last seen 3 sezon ne zaman,Last Seen,last seen,Drama,Suç & Gerilim,Thriller,2026,1,Devam,Sezon Takvim,Sezon & Takvim,Sezon,3,evet,Jenerik,tr,Doğrulanacak,evet,,,,,,,hayir,,,,,,,,,,,,,,,,,,,,,,,,,,,,,,,
last seen season 2,Last Seen,last seen,Drama,Suç & Gerilim,Thriller,2026,1,Devam,Sezon Takvim,Sezon & Takvim,Sezon,2,evet,Jenerik,en,Doğrulanacak,evet,0,,,,,,evet,0,0,0,0,0,0,0,0,0,0,0,0,0,0,0,0,0,0,0,0,0,0,0,0,0,0,0,0,0,0,0
last seen season 3,Last Seen,last seen,Drama,Suç & Gerilim,Thriller,2026,1,Devam,Sezon Takvim,Sezon & Takvim,Sezon,3,evet,Jenerik,en,Doğrulanacak,evet,,,,,,,hayir,,,,,,,,,,,,,,,,,,,,,,,,,,,,,,,
last seen 2 sezon izle,Last Seen,last seen,Drama,Suç & Gerilim,Thriller,2026,1,Devam,İzleme,İzleme,Sezon,2,evet,Jenerik,tr,Doğrulanacak,evet,,,,,,,hayir,,,,,,,,,,,,,,,,,,,,,,,,,,,,,,,
last seen 3 sezon izle,Last Seen,last seen,Drama,Suç & Gerilim,Thriller,2026,1,Devam,İzleme,İzleme,Sezon,3,evet,Jenerik,tr,Doğrulanacak,evet,,,,,,,hayir,,,,,,,,,,,,,,,,,,,,,,,,,,,,,,,
last seen 1 sezon 1 bölüm,Last Seen,last seen,Drama,Suç & Gerilim,Thriller,2026,1,Devam,Bölüm,İzleme,Bölüm,,evet,Jenerik,tr,Doğrulanacak,evet,,,,,,,hayir,,,,,,,,,,,,,,,,,,,,,,,,,,,,,,,
last seen 1 bölüm,Last Seen,last seen,Drama,Suç & Gerilim,Thriller,2026,1,Devam,Bölüm,İzleme,Bölüm,,evet,Jenerik,tr,Doğrulanacak,evet,,,,,,,hayir,,,,,,,,,,,,,,,,,,,,,,,,,,,,,,,
last seen dizipal,Last Seen,last seen,Drama,Suç & Gerilim,Thriller,2026,1,Devam,Korsan Markalı,İzleme,Dizi,,evet,Korsan Markalı,tr,Doğrulanacak,evet,,,,,,,hayir,,,,,,,,,,,,,,,,,,,,,,,,,,,,,,,
last seen dizibox,Last Seen,last seen,Drama,Suç & Gerilim,Thriller,2026,1,Devam,Korsan Markalı,İzleme,Dizi,,evet,Korsan Markalı,tr,Doğrulanacak,evet,,,,,,,hayir,,,,,,,,,,,,,,,,,,,,,,,,,,,,,,,
you would do it too,You Would Do It Too,you would do it too,Non-English,Suç & Gerilim,Spanish-language thriller,2024,1,Bitti,Dizi Ana,Navigasyonel,Dizi,,hayır,Jenerik,tr,Doğrulanacak,evet,30,LOW,2,,,,evet,10,10,10,10,10,10,50,70,50,50,50,50,70,70,110,90,90,90,170,210,260,110,10,0,0,0,10,0,0,0,0
you would do it too dizi,You Would Do It Too,you would do it too,Non-English,Suç & Gerilim,Spanish-language thriller,2024,1,Bitti,Dizi Ana,Navigasyonel,Dizi,,hayır,Jenerik,tr,Doğrulanacak,evet,,,,,,,hayir,,,,,,,,,,,,,,,,,,,,,,,,,,,,,,,
you would do it too dizisi,You Would Do It Too,you would do it too,Non-English,Suç & Gerilim,Spanish-language thriller,2024,1,Bitti,Dizi Ana,Navigasyonel,Dizi,,hayır,Jenerik,tr,Doğrulanacak,evet,,,,,,,hayir,,,,,,,,,,,,,,,,,,,,,,,,,,,,,,,
you would do it too izle,You Would Do It Too,you would do it too,Non-English,Suç & Gerilim,Spanish-language thriller,2024,1,Bitti,İzleme,İzleme,Dizi,,hayır,Jenerik,tr,Doğrulanacak,evet,10,,,,,,evet,0,10,10,10,10,0,20,20,10,10,10,10,10,10,20,20,40,10,40,50,90,20,0,0,0,0,0,0,0,0,0
you would do it too türkçe dublaj izle,You Would Do It Too,you would do it too,Non-English,Suç & Gerilim,Spanish-language thriller,2024,1,Bitti,İzleme,İzleme,Dizi,,hayır,Jenerik,tr,Doğrulanacak,evet,,,,,,,hayir,,,,,,,,,,,,,,,,,,,,,,,,,,,,,,,
you would do it too altyazılı izle,You Would Do It Too,you would do it too,Non-English,Suç & Gerilim,Spanish-language thriller,2024,1,Bitti,İzleme,İzleme,Dizi,,hayır,Jenerik,tr,Doğrulanacak,evet,,,,,,,hayir,,,,,,,,,,,,,,,,,,,,,,,,,,,,,,,
you would do it too türkçe dublaj,You Would Do It Too,you would do it too,Non-English,Suç & Gerilim,Spanish-language thriller,2024,1,Bitti,İzleme,İzleme,Dizi,,hayır,Jenerik,tr,Doğrulanacak,evet,,,,,,,hayir,,,,,,,,,,,,,,,,,,,,,,,,,,,,,,,
you would do it too dizi izle,You Would Do It Too,you would do it too,Non-English,Suç & Gerilim,Spanish-language thriller,2024,1,Bitti,İzleme,İzleme,Dizi,,hayır,Jenerik,tr,Doğrulanacak,evet,,,,,,,hayir,,,,,,,,,,,,,,,,,,,,,,,,,,,,,,,
you would do it too full izle,You Would Do It Too,you would do it too,Non-English,Suç & Gerilim,Spanish-language thriller,2024,1,Bitti,İzleme,İzleme,Dizi,,hayır,Jenerik,tr,Doğrulanacak,evet,,,,,,,hayir,,,,,,,,,,,,,,,,,,,,,,,,,,,,,,,
you would do it too hangi platformda,You Would Do It Too,you would do it too,Non-English,Suç & Gerilim,Spanish-language thriller,2024,1,Bitti,Platform,İzleme,Dizi,,hayır,Jenerik,tr,Doğrulanacak,evet,,,,,,,hayir,,,,,,,,,,,,,,,,,,,,,,,,,,,,,,,
you would do it too nereden izlenir,You Would Do It Too,you would do it too,Non-English,Suç & Gerilim,Spanish-language thriller,2024,1,Bitti,Platform,İzleme,Dizi,,hayır,Jenerik,tr,Doğrulanacak,evet,,,,,,,hayir,,,,,,,,,,,,,,,,,,,,,,,,,,,,,,,
you would do it too netflix,You Would Do It Too,you would do it too,Non-English,Suç & Gerilim,Spanish-language thriller,2024,1,Bitti,Platform,İzleme,Dizi,,hayır,Platform Markalı,tr,Doğrulanacak,evet,0,,,,,,evet,0,0,0,0,0,0,0,0,0,0,0,0,0,0,0,0,0,0,0,0,0,0,0,0,0,0,0,0,0,0,0
you would do it too apple tv,You Would Do It Too,you would do it too,Non-English,Suç & Gerilim,Spanish-language thriller,2024,1,Bitti,Platform,İzleme,Dizi,,hayır,Platform Markalı,tr,Doğrulanacak,evet,10,,,,,,evet,0,0,0,10,0,0,0,0,0,0,0,0,0,0,0,0,0,0,0,0,10,10,0,0,0,0,0,0,0,0,0
you would do it too konusu,You Would Do It Too,you would do it too,Non-English,Suç & Gerilim,Spanish-language thriller,2024,1,Bitti,Konu,Bilgi,Dizi,,hayır,Jenerik,tr,Doğrulanacak,evet,,,,,,,hayir,,,,,,,,,,,,,,,,,,,,,,,,,,,,,,,
you would do it too ne anlatıyor,You Would Do It Too,you would do it too,Non-English,Suç & Gerilim,Spanish-language thriller,2024,1,Bitti,Konu,Bilgi,Dizi,,hayır,Jenerik,tr,Doğrulanacak,evet,,,,,,,hayir,,,,,,,,,,,,,,,,,,,,,,,,,,,,,,,
you would do it too oyuncuları,You Would Do It Too,you would do it too,Non-English,Suç & Gerilim,Spanish-language thriller,2024,1,Bitti,Oyuncular,Bilgi,Dizi,,hayır,Jenerik,tr,Doğrulanacak,evet,,,,,,,hayir,,,,,,,,,,,,,,,,,,,,,,,,,,,,,,,
you would do it too cast,You Would Do It Too,you would do it too,Non-English,Suç & Gerilim,Spanish-language thriller,2024,1,Bitti,Oyuncular,Bilgi,Dizi,,hayır,Jenerik,en,Doğrulanacak,evet,0,,,,,,evet,0,0,0,0,0,0,0,0,0,0,0,0,0,0,0,0,0,0,10,0,0,0,0,0,0,0,0,0,0,0,0
you would do it too kaç sezon,You Would Do It Too,you would do it too,Non-English,Suç & Gerilim,Spanish-language thriller,2024,1,Bitti,Sezon Bilgi,Bilgi,Dizi,,hayır,Jenerik,tr,Doğrulanacak,evet,,,,,,,hayir,,,,,,,,,,,,,,,,,,,,,,,,,,,,,,,
you would do it too yeni sezon ne zaman,You Would Do It Too,you would do it too,Non-English,Suç & Gerilim,Spanish-language thriller,2024,1,Bitti,Sezon Takvim,Sezon & Takvim,Dizi,,hayır,Jenerik,tr,Doğrulanacak,evet,,,,,,,hayir,,,,,,,,,,,,,,,,,,,,,,,,,,,,,,,
you would do it too 2 sezon,You Would Do It Too,you would do it too,Non-English,Suç & Gerilim,Spanish-language thriller,2024,1,Bitti,Sezon Takvim,Sezon & Takvim,Sezon,2,hayır,Jenerik,tr,Doğrulanacak,evet,,,,,,,hayir,,,,,,,,,,,,,,,,,,,,,,,,,,,,,,,
you would do it too 3 sezon,You Would Do It Too,you would do it too,Non-English,Suç & Gerilim,Spanish-language thriller,2024,1,Bitti,Sezon Takvim,Sezon & Takvim,Sezon,3,hayır,Jenerik,tr,Doğrulanacak,evet,,,,,,,hayir,,,,,,,,,,,,,,,,,,,,,,,,,,,,,,,
you would do it too 2 sezon ne zaman,You Would Do It Too,you would do it too,Non-English,Suç & Gerilim,Spanish-language thriller,2024,1,Bitti,Sezon Takvim,Sezon & Takvim,Sezon,2,hayır,Jenerik,tr,Doğrulanacak,evet,,,,,,,hayir,,,,,,,,,,,,,,,,,,,,,,,,,,,,,,,
you would do it too 3 sezon ne zaman,You Would Do It Too,you would do it too,Non-English,Suç & Gerilim,Spanish-language thriller,2024,1,Bitti,Sezon Takvim,Sezon & Takvim,Sezon,3,hayır,Jenerik,tr,Doğrulanacak,evet,,,,,,,hayir,,,,,,,,,,,,,,,,,,,,,,,,,,,,,,,
you would do it too season 2,You Would Do It Too,you would do it too,Non-English,Suç & Gerilim,Spanish-language thriller,2024,1,Bitti,Sezon Takvim,Sezon & Takvim,Sezon,2,hayır,Jenerik,en,Doğrulanacak,evet,10,,,,,,evet,0,0,10,0,0,0,0,0,0,0,0,0,0,0,0,0,10,0,0,10,0,0,0,0,0,0,0,0,0,0,0
you would do it too season 3,You Would Do It Too,you would do it too,Non-English,Suç & Gerilim,Spanish-language thriller,2024,1,Bitti,Sezon Takvim,Sezon & Takvim,Sezon,3,hayır,Jenerik,en,Doğrulanacak,evet,,,,,,,hayir,,,,,,,,,,,,,,,,,,,,,,,,,,,,,,,
you would do it too 2 sezon izle,You Would Do It Too,you would do it too,Non-English,Suç & Gerilim,Spanish-language thriller,2024,1,Bitti,İzleme,İzleme,Sezon,2,hayır,Jenerik,tr,Doğrulanacak,evet,,,,,,,hayir,,,,,,,,,,,,,,,,,,,,,,,,,,,,,,,
you would do it too 3 sezon izle,You Would Do It Too,you would do it too,Non-English,Suç & Gerilim,Spanish-language thriller,2024,1,Bitti,İzleme,İzleme,Sezon,3,hayır,Jenerik,tr,Doğrulanacak,evet,,,,,,,hayir,,,,,,,,,,,,,,,,,,,,,,,,,,,,,,,
you would do it too 1 sezon 1 bölüm,You Would Do It Too,you would do it too,Non-English,Suç & Gerilim,Spanish-language thriller,2024,1,Bitti,Bölüm,İzleme,Bölüm,,hayır,Jenerik,tr,Doğrulanacak,evet,,,,,,,hayir,,,,,,,,,,,,,,,,,,,,,,,,,,,,,,,
you would do it too 1 bölüm,You Would Do It Too,you would do it too,Non-English,Suç & Gerilim,Spanish-language thriller,2024,1,Bitti,Bölüm,İzleme,Bölüm,,hayır,Jenerik,tr,Doğrulanacak,evet,,,,,,,hayir,,,,,,,,,,,,,,,,,,,,,,,,,,,,,,,
you would do it too dizipal,You Would Do It Too,you would do it too,Non-English,Suç & Gerilim,Spanish-language thriller,2024,1,Bitti,Korsan Markalı,İzleme,Dizi,,hayır,Korsan Markalı,tr,Doğrulanacak,evet,,,,,,,hayir,,,,,,,,,,,,,,,,,,,,,,,,,,,,,,,
you would do it too dizibox,You Would Do It Too,you would do it too,Non-English,Suç & Gerilim,Spanish-language thriller,2024,1,Bitti,Korsan Markalı,İzleme,Dizi,,hayır,Korsan Markalı,tr,Doğrulanacak,evet,,,,,,,hayir,,,,,,,,,,,,,,,,,,,,,,,,,,,,,,,
the secret lives of animals,The Secret Lives of Animals,the secret lives of animals,Docuseries,Doğa & Bilim Belgeseli,Nature documentary,2024,1,Bitti,Dizi Ana,Navigasyonel,Dizi,,hayır,Jenerik,tr,Doğrulanacak,evet,20,LOW,1,,,,evet,10,10,10,10,10,20,20,20,20,20,10,30,20,20,30,20,40,40,50,140,10,10,10,20,10,10,20,10,10,20,20
the secret lives of animals dizi,The Secret Lives of Animals,the secret lives of animals,Docuseries,Doğa & Bilim Belgeseli,Nature documentary,2024,1,Bitti,Dizi Ana,Navigasyonel,Dizi,,hayır,Jenerik,tr,Doğrulanacak,evet,,,,,,,hayir,,,,,,,,,,,,,,,,,,,,,,,,,,,,,,,
the secret lives of animals dizisi,The Secret Lives of Animals,the secret lives of animals,Docuseries,Doğa & Bilim Belgeseli,Nature documentary,2024,1,Bitti,Dizi Ana,Navigasyonel,Dizi,,hayır,Jenerik,tr,Doğrulanacak,evet,,,,,,,hayir,,,,,,,,,,,,,,,,,,,,,,,,,,,,,,,
the secret lives of animals izle,The Secret Lives of Animals,the secret lives of animals,Docuseries,Doğa & Bilim Belgeseli,Nature documentary,2024,1,Bitti,İzleme,İzleme,Dizi,,hayır,Jenerik,tr,Doğrulanacak,evet,,,,,,,hayir,,,,,,,,,,,,,,,,,,,,,,,,,,,,,,,
the secret lives of animals türkçe dublaj izle,The Secret Lives of Animals,the secret lives of animals,Docuseries,Doğa & Bilim Belgeseli,Nature documentary,2024,1,Bitti,İzleme,İzleme,Dizi,,hayır,Jenerik,tr,Doğrulanacak,evet,,,,,,,hayir,,,,,,,,,,,,,,,,,,,,,,,,,,,,,,,
the secret lives of animals altyazılı izle,The Secret Lives of Animals,the secret lives of animals,Docuseries,Doğa & Bilim Belgeseli,Nature documentary,2024,1,Bitti,İzleme,İzleme,Dizi,,hayır,Jenerik,tr,Doğrulanacak,evet,,,,,,,hayir,,,,,,,,,,,,,,,,,,,,,,,,,,,,,,,
the secret lives of animals türkçe dublaj,The Secret Lives of Animals,the secret lives of animals,Docuseries,Doğa & Bilim Belgeseli,Nature documentary,2024,1,Bitti,İzleme,İzleme,Dizi,,hayır,Jenerik,tr,Doğrulanacak,evet,,,,,,,hayir,,,,,,,,,,,,,,,,,,,,,,,,,,,,,,,
the secret lives of animals dizi izle,The Secret Lives of Animals,the secret lives of animals,Docuseries,Doğa & Bilim Belgeseli,Nature documentary,2024,1,Bitti,İzleme,İzleme,Dizi,,hayır,Jenerik,tr,Doğrulanacak,evet,,,,,,,hayir,,,,,,,,,,,,,,,,,,,,,,,,,,,,,,,
the secret lives of animals full izle,The Secret Lives of Animals,the secret lives of animals,Docuseries,Doğa & Bilim Belgeseli,Nature documentary,2024,1,Bitti,İzleme,İzleme,Dizi,,hayır,Jenerik,tr,Doğrulanacak,evet,,,,,,,hayir,,,,,,,,,,,,,,,,,,,,,,,,,,,,,,,
the secret lives of animals hangi platformda,The Secret Lives of Animals,the secret lives of animals,Docuseries,Doğa & Bilim Belgeseli,Nature documentary,2024,1,Bitti,Platform,İzleme,Dizi,,hayır,Jenerik,tr,Doğrulanacak,evet,,,,,,,hayir,,,,,,,,,,,,,,,,,,,,,,,,,,,,,,,
the secret lives of animals nereden izlenir,The Secret Lives of Animals,the secret lives of animals,Docuseries,Doğa & Bilim Belgeseli,Nature documentary,2024,1,Bitti,Platform,İzleme,Dizi,,hayır,Jenerik,tr,Doğrulanacak,evet,,,,,,,hayir,,,,,,,,,,,,,,,,,,,,,,,,,,,,,,,
the secret lives of animals netflix,The Secret Lives of Animals,the secret lives of animals,Docuseries,Doğa & Bilim Belgeseli,Nature documentary,2024,1,Bitti,Platform,İzleme,Dizi,,hayır,Platform Markalı,tr,Doğrulanacak,evet,0,,,,,,evet,0,0,0,0,0,0,0,0,0,0,0,0,0,0,0,10,0,0,0,0,0,0,0,0,0,0,0,0,0,0,0
the secret lives of animals apple tv,The Secret Lives of Animals,the secret lives of animals,Docuseries,Doğa & Bilim Belgeseli,Nature documentary,2024,1,Bitti,Platform,İzleme,Dizi,,hayır,Platform Markalı,tr,Doğrulanacak,evet,10,,,,,,evet,0,0,0,0,0,10,0,0,0,0,0,0,10,0,0,0,10,0,10,10,0,0,0,0,0,0,0,0,0,0,0
the secret lives of animals konusu,The Secret Lives of Animals,the secret lives of animals,Docuseries,Doğa & Bilim Belgeseli,Nature documentary,2024,1,Bitti,Konu,Bilgi,Dizi,,hayır,Jenerik,tr,Doğrulanacak,evet,,,,,,,hayir,,,,,,,,,,,,,,,,,,,,,,,,,,,,,,,
the secret lives of animals ne anlatıyor,The Secret Lives of Animals,the secret lives of animals,Docuseries,Doğa & Bilim Belgeseli,Nature documentary,2024,1,Bitti,Konu,Bilgi,Dizi,,hayır,Jenerik,tr,Doğrulanacak,evet,,,,,,,hayir,,,,,,,,,,,,,,,,,,,,,,,,,,,,,,,
the secret lives of animals oyuncuları,The Secret Lives of Animals,the secret lives of animals,Docuseries,Doğa & Bilim Belgeseli,Nature documentary,2024,1,Bitti,Oyuncular,Bilgi,Dizi,,hayır,Jenerik,tr,Doğrulanacak,evet,,,,,,,hayir,,,,,,,,,,,,,,,,,,,,,,,,,,,,,,,
the secret lives of animals cast,The Secret Lives of Animals,the secret lives of animals,Docuseries,Doğa & Bilim Belgeseli,Nature documentary,2024,1,Bitti,Oyuncular,Bilgi,Dizi,,hayır,Jenerik,en,Doğrulanacak,evet,,,,,,,hayir,,,,,,,,,,,,,,,,,,,,,,,,,,,,,,,
the secret lives of animals kaç sezon,The Secret Lives of Animals,the secret lives of animals,Docuseries,Doğa & Bilim Belgeseli,Nature documentary,2024,1,Bitti,Sezon Bilgi,Bilgi,Dizi,,hayır,Jenerik,tr,Doğrulanacak,evet,,,,,,,hayir,,,,,,,,,,,,,,,,,,,,,,,,,,,,,,,
the secret lives of animals yeni sezon ne zaman,The Secret Lives of Animals,the secret lives of animals,Docuseries,Doğa & Bilim Belgeseli,Nature documentary,2024,1,Bitti,Sezon Takvim,Sezon & Takvim,Dizi,,hayır,Jenerik,tr,Doğrulanacak,evet,,,,,,,hayir,,,,,,,,,,,,,,,,,,,,,,,,,,,,,,,
the secret lives of animals 2 sezon,The Secret Lives of Animals,the secret lives of animals,Docuseries,Doğa & Bilim Belgeseli,Nature documentary,2024,1,Bitti,Sezon Takvim,Sezon & Takvim,Sezon,2,hayır,Jenerik,tr,Doğrulanacak,evet,,,,,,,hayir,,,,,,,,,,,,,,,,,,,,,,,,,,,,,,,
the secret lives of animals 3 sezon,The Secret Lives of Animals,the secret lives of animals,Docuseries,Doğa & Bilim Belgeseli,Nature documentary,2024,1,Bitti,Sezon Takvim,Sezon & Takvim,Sezon,3,hayır,Jenerik,tr,Doğrulanacak,evet,,,,,,,hayir,,,,,,,,,,,,,,,,,,,,,,,,,,,,,,,
the secret lives of animals 2 sezon ne zaman,The Secret Lives of Animals,the secret lives of animals,Docuseries,Doğa & Bilim Belgeseli,Nature documentary,2024,1,Bitti,Sezon Takvim,Sezon & Takvim,Sezon,2,hayır,Jenerik,tr,Doğrulanacak,evet,,,,,,,hayir,,,,,,,,,,,,,,,,,,,,,,,,,,,,,,,
the secret lives of animals 3 sezon ne zaman,The Secret Lives of Animals,the secret lives of animals,Docuseries,Doğa & Bilim Belgeseli,Nature documentary,2024,1,Bitti,Sezon Takvim,Sezon & Takvim,Sezon,3,hayır,Jenerik,tr,Doğrulanacak,evet,,,,,,,hayir,,,,,,,,,,,,,,,,,,,,,,,,,,,,,,,
the secret lives of animals season 2,The Secret Lives of Animals,the secret lives of animals,Docuseries,Doğa & Bilim Belgeseli,Nature documentary,2024,1,Bitti,Sezon Takvim,Sezon & Takvim,Sezon,2,hayır,Jenerik,en,Doğrulanacak,evet,0,,,,,,evet,0,0,0,0,0,0,0,0,0,0,0,0,0,0,0,10,0,0,0,0,0,0,0,0,0,0,0,0,0,0,0
the secret lives of animals season 3,The Secret Lives of Animals,the secret lives of animals,Docuseries,Doğa & Bilim Belgeseli,Nature documentary,2024,1,Bitti,Sezon Takvim,Sezon & Takvim,Sezon,3,hayır,Jenerik,en,Doğrulanacak,evet,,,,,,,hayir,,,,,,,,,,,,,,,,,,,,,,,,,,,,,,,
the secret lives of animals 2 sezon izle,The Secret Lives of Animals,the secret lives of animals,Docuseries,Doğa & Bilim Belgeseli,Nature documentary,2024,1,Bitti,İzleme,İzleme,Sezon,2,hayır,Jenerik,tr,Doğrulanacak,evet,,,,,,,hayir,,,,,,,,,,,,,,,,,,,,,,,,,,,,,,,
the secret lives of animals 3 sezon izle,The Secret Lives of Animals,the secret lives of animals,Docuseries,Doğa & Bilim Belgeseli,Nature documentary,2024,1,Bitti,İzleme,İzleme,Sezon,3,hayır,Jenerik,tr,Doğrulanacak,evet,,,,,,,hayir,,,,,,,,,,,,,,,,,,,,,,,,,,,,,,,
the secret lives of animals 1 sezon 1 bölüm,The Secret Lives of Animals,the secret lives of animals,Docuseries,Doğa & Bilim Belgeseli,Nature documentary,2024,1,Bitti,Bölüm,İzleme,Bölüm,,hayır,Jenerik,tr,Doğrulanacak,evet,,,,,,,hayir,,,,,,,,,,,,,,,,,,,,,,,,,,,,,,,
the secret lives of animals 1 bölüm,The Secret Lives of Animals,the secret lives of animals,Docuseries,Doğa & Bilim Belgeseli,Nature documentary,2024,1,Bitti,Bölüm,İzleme,Bölüm,,hayır,Jenerik,tr,Doğrulanacak,evet,,,,,,,hayir,,,,,,,,,,,,,,,,,,,,,,,,,,,,,,,
the secret lives of animals dizipal,The Secret Lives of Animals,the secret lives of animals,Docuseries,Doğa & Bilim Belgeseli,Nature documentary,2024,1,Bitti,Korsan Markalı,İzleme,Dizi,,hayır,Korsan Markalı,tr,Doğrulanacak,evet,,,,,,,hayir,,,,,,,,,,,,,,,,,,,,,,,,,,,,,,,
the secret lives of animals dizibox,The Secret Lives of Animals,the secret lives of animals,Docuseries,Doğa & Bilim Belgeseli,Nature documentary,2024,1,Bitti,Korsan Markalı,İzleme,Dizi,,hayır,Korsan Markalı,tr,Doğrulanacak,evet,,,,,,,hayir,,,,,,,,,,,,,,,,,,,,,,,,,,,,,,,
unconditional dizi,Unconditional,unconditional,Docuseries,Belgesel,Documentary,2026,1,Bitti,Dizi Ana,Navigasyonel,Dizi,,evet,Jenerik,tr,Doğrulanacak,evet,20,LOW,4,,,,evet,10,70,140,0,0,0,0,0,0,0,0,0,0,0,0,0,0,0,0,0,0,0,0,0,0,0,0,0,0,0,0
unconditional dizisi,Unconditional,unconditional,Docuseries,Belgesel,Documentary,2026,1,Bitti,Dizi Ana,Navigasyonel,Dizi,,evet,Jenerik,tr,Doğrulanacak,evet,,,,,,,hayir,,,,,,,,,,,,,,,,,,,,,,,,,,,,,,,
unconditional izle,Unconditional,unconditional,Docuseries,Belgesel,Documentary,2026,1,Bitti,İzleme,İzleme,Dizi,,evet,Jenerik,tr,Doğrulanacak,evet,40,LOW,2,,,,evet,30,110,170,110,0,0,0,0,0,0,0,0,0,0,0,0,0,0,0,0,0,0,0,0,0,0,0,0,0,0,0
unconditional türkçe dublaj izle,Unconditional,unconditional,Docuseries,Belgesel,Documentary,2026,1,Bitti,İzleme,İzleme,Dizi,,evet,Jenerik,tr,Doğrulanacak,evet,,,,,,,hayir,,,,,,,,,,,,,,,,,,,,,,,,,,,,,,,
unconditional altyazılı izle,Unconditional,unconditional,Docuseries,Belgesel,Documentary,2026,1,Bitti,İzleme,İzleme,Dizi,,evet,Jenerik,tr,Doğrulanacak,evet,,,,,,,hayir,,,,,,,,,,,,,,,,,,,,,,,,,,,,,,,
unconditional türkçe dublaj,Unconditional,unconditional,Docuseries,Belgesel,Documentary,2026,1,Bitti,İzleme,İzleme,Dizi,,evet,Jenerik,tr,Doğrulanacak,evet,,,,,,,hayir,,,,,,,,,,,,,,,,,,,,,,,,,,,,,,,
unconditional dizi izle,Unconditional,unconditional,Docuseries,Belgesel,Documentary,2026,1,Bitti,İzleme,İzleme,Dizi,,evet,Jenerik,tr,Doğrulanacak,evet,10,LOW,5,,,,evet,10,50,70,0,0,0,0,0,0,0,0,0,0,0,0,0,0,0,0,0,0,0,0,0,0,0,0,0,0,0,0
unconditional full izle,Unconditional,unconditional,Docuseries,Belgesel,Documentary,2026,1,Bitti,İzleme,İzleme,Dizi,,evet,Jenerik,tr,Doğrulanacak,evet,,,,,,,hayir,,,,,,,,,,,,,,,,,,,,,,,,,,,,,,,
unconditional hangi platformda,Unconditional,unconditional,Docuseries,Belgesel,Documentary,2026,1,Bitti,Platform,İzleme,Dizi,,evet,Jenerik,tr,Doğrulanacak,evet,,,,,,,hayir,,,,,,,,,,,,,,,,,,,,,,,,,,,,,,,
unconditional nereden izlenir,Unconditional,unconditional,Docuseries,Belgesel,Documentary,2026,1,Bitti,Platform,İzleme,Dizi,,evet,Jenerik,tr,Doğrulanacak,evet,,,,,,,hayir,,,,,,,,,,,,,,,,,,,,,,,,,,,,,,,
unconditional netflix,Unconditional,unconditional,Docuseries,Belgesel,Documentary,2026,1,Bitti,Platform,İzleme,Dizi,,evet,Platform Markalı,tr,Doğrulanacak,evet,10,LOW,0,,,,evet,10,10,10,10,0,10,0,0,0,0,0,0,0,10,0,0,0,0,0,0,0,0,10,0,0,0,0,0,10,10,0
unconditional apple tv,Unconditional,unconditional,Docuseries,Belgesel,Documentary,2026,1,Bitti,Platform,İzleme,Dizi,,evet,Platform Markalı,tr,Doğrulanacak,evet,10,LOW,0,,,,evet,10,10,40,40,10,10,0,10,10,0,0,0,0,0,0,0,0,0,0,0,0,0,0,0,0,0,0,0,0,0,0
unconditional konusu,Unconditional,unconditional,Docuseries,Belgesel,Documentary,2026,1,Bitti,Konu,Bilgi,Dizi,,evet,Jenerik,tr,Doğrulanacak,evet,10,LOW,0,,,,evet,10,40,30,0,0,0,0,0,0,0,0,0,0,0,0,0,0,0,0,0,0,0,0,0,0,0,0,0,0,0,0
unconditional ne anlatıyor,Unconditional,unconditional,Docuseries,Belgesel,Documentary,2026,1,Bitti,Konu,Bilgi,Dizi,,evet,Jenerik,tr,Doğrulanacak,evet,,,,,,,hayir,,,,,,,,,,,,,,,,,,,,,,,,,,,,,,,
unconditional oyuncuları,Unconditional,unconditional,Docuseries,Belgesel,Documentary,2026,1,Bitti,Oyuncular,Bilgi,Dizi,,evet,Jenerik,tr,Doğrulanacak,evet,,,,,,,hayir,,,,,,,,,,,,,,,,,,,,,,,,,,,,,,,
unconditional cast,Unconditional,unconditional,Docuseries,Belgesel,Documentary,2026,1,Bitti,Oyuncular,Bilgi,Dizi,,evet,Jenerik,en,Doğrulanacak,evet,10,,,,,,evet,0,10,10,0,0,0,0,0,0,0,0,0,0,0,0,0,0,10,0,0,0,0,0,0,0,0,0,0,0,0,0
unconditional kaç sezon,Unconditional,unconditional,Docuseries,Belgesel,Documentary,2026,1,Bitti,Sezon Bilgi,Bilgi,Dizi,,evet,Jenerik,tr,Doğrulanacak,evet,,,,,,,hayir,,,,,,,,,,,,,,,,,,,,,,,,,,,,,,,
unconditional yeni sezon ne zaman,Unconditional,unconditional,Docuseries,Belgesel,Documentary,2026,1,Bitti,Sezon Takvim,Sezon & Takvim,Dizi,,evet,Jenerik,tr,Doğrulanacak,evet,,,,,,,hayir,,,,,,,,,,,,,,,,,,,,,,,,,,,,,,,
unconditional 2 sezon,Unconditional,unconditional,Docuseries,Belgesel,Documentary,2026,1,Bitti,Sezon Takvim,Sezon & Takvim,Sezon,2,evet,Jenerik,tr,Doğrulanacak,evet,,,,,,,hayir,,,,,,,,,,,,,,,,,,,,,,,,,,,,,,,
unconditional 3 sezon,Unconditional,unconditional,Docuseries,Belgesel,Documentary,2026,1,Bitti,Sezon Takvim,Sezon & Takvim,Sezon,3,evet,Jenerik,tr,Doğrulanacak,evet,,,,,,,hayir,,,,,,,,,,,,,,,,,,,,,,,,,,,,,,,
unconditional 2 sezon ne zaman,Unconditional,unconditional,Docuseries,Belgesel,Documentary,2026,1,Bitti,Sezon Takvim,Sezon & Takvim,Sezon,2,evet,Jenerik,tr,Doğrulanacak,evet,,,,,,,hayir,,,,,,,,,,,,,,,,,,,,,,,,,,,,,,,
unconditional 3 sezon ne zaman,Unconditional,unconditional,Docuseries,Belgesel,Documentary,2026,1,Bitti,Sezon Takvim,Sezon & Takvim,Sezon,3,evet,Jenerik,tr,Doğrulanacak,evet,,,,,,,hayir,,,,,,,,,,,,,,,,,,,,,,,,,,,,,,,
unconditional season 2,Unconditional,unconditional,Docuseries,Belgesel,Documentary,2026,1,Bitti,Sezon Takvim,Sezon & Takvim,Sezon,2,evet,Jenerik,en,Doğrulanacak,evet,,,,,,,hayir,,,,,,,,,,,,,,,,,,,,,,,,,,,,,,,
unconditional season 3,Unconditional,unconditional,Docuseries,Belgesel,Documentary,2026,1,Bitti,Sezon Takvim,Sezon & Takvim,Sezon,3,evet,Jenerik,en,Doğrulanacak,evet,,,,,,,hayir,,,,,,,,,,,,,,,,,,,,,,,,,,,,,,,
unconditional 2 sezon izle,Unconditional,unconditional,Docuseries,Belgesel,Documentary,2026,1,Bitti,İzleme,İzleme,Sezon,2,evet,Jenerik,tr,Doğrulanacak,evet,,,,,,,hayir,,,,,,,,,,,,,,,,,,,,,,,,,,,,,,,
unconditional 3 sezon izle,Unconditional,unconditional,Docuseries,Belgesel,Documentary,2026,1,Bitti,İzleme,İzleme,Sezon,3,evet,Jenerik,tr,Doğrulanacak,evet,,,,,,,hayir,,,,,,,,,,,,,,,,,,,,,,,,,,,,,,,
unconditional 1 sezon 1 bölüm,Unconditional,unconditional,Docuseries,Belgesel,Documentary,2026,1,Bitti,Bölüm,İzleme,Bölüm,,evet,Jenerik,tr,Doğrulanacak,evet,,,,,,,hayir,,,,,,,,,,,,,,,,,,,,,,,,,,,,,,,
unconditional 1 bölüm,Unconditional,unconditional,Docuseries,Belgesel,Documentary,2026,1,Bitti,Bölüm,İzleme,Bölüm,,evet,Jenerik,tr,Doğrulanacak,evet,,,,,,,hayir,,,,,,,,,,,,,,,,,,,,,,,,,,,,,,,
unconditional dizipal,Unconditional,unconditional,Docuseries,Belgesel,Documentary,2026,1,Bitti,Korsan Markalı,İzleme,Dizi,,evet,Korsan Markalı,tr,Doğrulanacak,evet,,,,,,,hayir,,,,,,,,,,,,,,,,,,,,,,,,,,,,,,,
unconditional dizibox,Unconditional,unconditional,Docuseries,Belgesel,Documentary,2026,1,Bitti,Korsan Markalı,İzleme,Dizi,,evet,Korsan Markalı,tr,Doğrulanacak,evet,,,,,,,hayir,,,,,,,,,,,,,,,,,,,,,,,,,,,,,,,
oprah talks covid-19,Oprah Talks COVID-19,oprah talks covid-19,Docuseries,Reality & Program,Interview series,2020,1,Bitti,Dizi Ana,Navigasyonel,Dizi,,hayır,Jenerik,tr,Doğrulanacak,evet,10,,,,,,evet,0,0,0,0,20,0,0,0,0,0,0,0,0,0,0,0,0,0,10,30,30,20,30,20,20,10,10,10,10,10,10
oprah talks covid-19 dizi,Oprah Talks COVID-19,oprah talks covid-19,Docuseries,Reality & Program,Interview series,2020,1,Bitti,Dizi Ana,Navigasyonel,Dizi,,hayır,Jenerik,tr,Doğrulanacak,evet,,,,,,,hayir,,,,,,,,,,,,,,,,,,,,,,,,,,,,,,,
oprah talks covid-19 dizisi,Oprah Talks COVID-19,oprah talks covid-19,Docuseries,Reality & Program,Interview series,2020,1,Bitti,Dizi Ana,Navigasyonel,Dizi,,hayır,Jenerik,tr,Doğrulanacak,evet,,,,,,,hayir,,,,,,,,,,,,,,,,,,,,,,,,,,,,,,,
oprah talks covid-19 izle,Oprah Talks COVID-19,oprah talks covid-19,Docuseries,Reality & Program,Interview series,2020,1,Bitti,İzleme,İzleme,Dizi,,hayır,Jenerik,tr,Doğrulanacak,evet,,,,,,,hayir,,,,,,,,,,,,,,,,,,,,,,,,,,,,,,,
oprah talks covid-19 türkçe dublaj izle,Oprah Talks COVID-19,oprah talks covid-19,Docuseries,Reality & Program,Interview series,2020,1,Bitti,İzleme,İzleme,Dizi,,hayır,Jenerik,tr,Doğrulanacak,evet,,,,,,,hayir,,,,,,,,,,,,,,,,,,,,,,,,,,,,,,,
oprah talks covid-19 altyazılı izle,Oprah Talks COVID-19,oprah talks covid-19,Docuseries,Reality & Program,Interview series,2020,1,Bitti,İzleme,İzleme,Dizi,,hayır,Jenerik,tr,Doğrulanacak,evet,,,,,,,hayir,,,,,,,,,,,,,,,,,,,,,,,,,,,,,,,
oprah talks covid-19 türkçe dublaj,Oprah Talks COVID-19,oprah talks covid-19,Docuseries,Reality & Program,Interview series,2020,1,Bitti,İzleme,İzleme,Dizi,,hayır,Jenerik,tr,Doğrulanacak,evet,,,,,,,hayir,,,,,,,,,,,,,,,,,,,,,,,,,,,,,,,
oprah talks covid-19 dizi izle,Oprah Talks COVID-19,oprah talks covid-19,Docuseries,Reality & Program,Interview series,2020,1,Bitti,İzleme,İzleme,Dizi,,hayır,Jenerik,tr,Doğrulanacak,evet,,,,,,,hayir,,,,,,,,,,,,,,,,,,,,,,,,,,,,,,,
oprah talks covid-19 full izle,Oprah Talks COVID-19,oprah talks covid-19,Docuseries,Reality & Program,Interview series,2020,1,Bitti,İzleme,İzleme,Dizi,,hayır,Jenerik,tr,Doğrulanacak,evet,,,,,,,hayir,,,,,,,,,,,,,,,,,,,,,,,,,,,,,,,
oprah talks covid-19 hangi platformda,Oprah Talks COVID-19,oprah talks covid-19,Docuseries,Reality & Program,Interview series,2020,1,Bitti,Platform,İzleme,Dizi,,hayır,Jenerik,tr,Doğrulanacak,evet,,,,,,,hayir,,,,,,,,,,,,,,,,,,,,,,,,,,,,,,,
oprah talks covid-19 nereden izlenir,Oprah Talks COVID-19,oprah talks covid-19,Docuseries,Reality & Program,Interview series,2020,1,Bitti,Platform,İzleme,Dizi,,hayır,Jenerik,tr,Doğrulanacak,evet,,,,,,,hayir,,,,,,,,,,,,,,,,,,,,,,,,,,,,,,,
oprah talks covid-19 netflix,Oprah Talks COVID-19,oprah talks covid-19,Docuseries,Reality & Program,Interview series,2020,1,Bitti,Platform,İzleme,Dizi,,hayır,Platform Markalı,tr,Doğrulanacak,evet,,,,,,,hayir,,,,,,,,,,,,,,,,,,,,,,,,,,,,,,,
oprah talks covid-19 apple tv,Oprah Talks COVID-19,oprah talks covid-19,Docuseries,Reality & Program,Interview series,2020,1,Bitti,Platform,İzleme,Dizi,,hayır,Platform Markalı,tr,Doğrulanacak,evet,,,,,,,hayir,,,,,,,,,,,,,,,,,,,,,,,,,,,,,,,
oprah talks covid-19 konusu,Oprah Talks COVID-19,oprah talks covid-19,Docuseries,Reality & Program,Interview series,2020,1,Bitti,Konu,Bilgi,Dizi,,hayır,Jenerik,tr,Doğrulanacak,evet,,,,,,,hayir,,,,,,,,,,,,,,,,,,,,,,,,,,,,,,,
oprah talks covid-19 ne anlatıyor,Oprah Talks COVID-19,oprah talks covid-19,Docuseries,Reality & Program,Interview series,2020,1,Bitti,Konu,Bilgi,Dizi,,hayır,Jenerik,tr,Doğrulanacak,evet,,,,,,,hayir,,,,,,,,,,,,,,,,,,,,,,,,,,,,,,,
oprah talks covid-19 oyuncuları,Oprah Talks COVID-19,oprah talks covid-19,Docuseries,Reality & Program,Interview series,2020,1,Bitti,Oyuncular,Bilgi,Dizi,,hayır,Jenerik,tr,Doğrulanacak,evet,,,,,,,hayir,,,,,,,,,,,,,,,,,,,,,,,,,,,,,,,
oprah talks covid-19 cast,Oprah Talks COVID-19,oprah talks covid-19,Docuseries,Reality & Program,Interview series,2020,1,Bitti,Oyuncular,Bilgi,Dizi,,hayır,Jenerik,en,Doğrulanacak,evet,,,,,,,hayir,,,,,,,,,,,,,,,,,,,,,,,,,,,,,,,
oprah talks covid-19 kaç sezon,Oprah Talks COVID-19,oprah talks covid-19,Docuseries,Reality & Program,Interview series,2020,1,Bitti,Sezon Bilgi,Bilgi,Dizi,,hayır,Jenerik,tr,Doğrulanacak,evet,,,,,,,hayir,,,,,,,,,,,,,,,,,,,,,,,,,,,,,,,
oprah talks covid-19 yeni sezon ne zaman,Oprah Talks COVID-19,oprah talks covid-19,Docuseries,Reality & Program,Interview series,2020,1,Bitti,Sezon Takvim,Sezon & Takvim,Dizi,,hayır,Jenerik,tr,Doğrulanacak,evet,,,,,,,hayir,,,,,,,,,,,,,,,,,,,,,,,,,,,,,,,
oprah talks covid-19 2 sezon,Oprah Talks COVID-19,oprah talks covid-19,Docuseries,Reality & Program,Interview series,2020,1,Bitti,Sezon Takvim,Sezon & Takvim,Sezon,2,hayır,Jenerik,tr,Doğrulanacak,evet,,,,,,,hayir,,,,,,,,,,,,,,,,,,,,,,,,,,,,,,,
oprah talks covid-19 3 sezon,Oprah Talks COVID-19,oprah talks covid-19,Docuseries,Reality & Program,Interview series,2020,1,Bitti,Sezon Takvim,Sezon & Takvim,Sezon,3,hayır,Jenerik,tr,Doğrulanacak,evet,,,,,,,hayir,,,,,,,,,,,,,,,,,,,,,,,,,,,,,,,
oprah talks covid-19 2 sezon ne zaman,Oprah Talks COVID-19,oprah talks covid-19,Docuseries,Reality & Program,Interview series,2020,1,Bitti,Sezon Takvim,Sezon & Takvim,Sezon,2,hayır,Jenerik,tr,Doğrulanacak,evet,,,,,,,hayir,,,,,,,,,,,,,,,,,,,,,,,,,,,,,,,
oprah talks covid-19 3 sezon ne zaman,Oprah Talks COVID-19,oprah talks covid-19,Docuseries,Reality & Program,Interview series,2020,1,Bitti,Sezon Takvim,Sezon & Takvim,Sezon,3,hayır,Jenerik,tr,Doğrulanacak,evet,,,,,,,hayir,,,,,,,,,,,,,,,,,,,,,,,,,,,,,,,
oprah talks covid-19 season 2,Oprah Talks COVID-19,oprah talks covid-19,Docuseries,Reality & Program,Interview series,2020,1,Bitti,Sezon Takvim,Sezon & Takvim,Sezon,2,hayır,Jenerik,en,Doğrulanacak,evet,,,,,,,hayir,,,,,,,,,,,,,,,,,,,,,,,,,,,,,,,
oprah talks covid-19 season 3,Oprah Talks COVID-19,oprah talks covid-19,Docuseries,Reality & Program,Interview series,2020,1,Bitti,Sezon Takvim,Sezon & Takvim,Sezon,3,hayır,Jenerik,en,Doğrulanacak,evet,,,,,,,hayir,,,,,,,,,,,,,,,,,,,,,,,,,,,,,,,
oprah talks covid-19 2 sezon izle,Oprah Talks COVID-19,oprah talks covid-19,Docuseries,Reality & Program,Interview series,2020,1,Bitti,İzleme,İzleme,Sezon,2,hayır,Jenerik,tr,Doğrulanacak,evet,,,,,,,hayir,,,,,,,,,,,,,,,,,,,,,,,,,,,,,,,
oprah talks covid-19 3 sezon izle,Oprah Talks COVID-19,oprah talks covid-19,Docuseries,Reality & Program,Interview series,2020,1,Bitti,İzleme,İzleme,Sezon,3,hayır,Jenerik,tr,Doğrulanacak,evet,,,,,,,hayir,,,,,,,,,,,,,,,,,,,,,,,,,,,,,,,
oprah talks covid-19 1 sezon 1 bölüm,Oprah Talks COVID-19,oprah talks covid-19,Docuseries,Reality & Program,Interview series,2020,1,Bitti,Bölüm,İzleme,Bölüm,,hayır,Jenerik,tr,Doğrulanacak,evet,,,,,,,hayir,,,,,,,,,,,,,,,,,,,,,,,,,,,,,,,
oprah talks covid-19 1 bölüm,Oprah Talks COVID-19,oprah talks covid-19,Docuseries,Reality & Program,Interview series,2020,1,Bitti,Bölüm,İzleme,Bölüm,,hayır,Jenerik,tr,Doğrulanacak,evet,,,,,,,hayir,,,,,,,,,,,,,,,,,,,,,,,,,,,,,,,
oprah talks covid-19 dizipal,Oprah Talks COVID-19,oprah talks covid-19,Docuseries,Reality & Program,Interview series,2020,1,Bitti,Korsan Markalı,İzleme,Dizi,,hayır,Korsan Markalı,tr,Doğrulanacak,evet,,,,,,,hayir,,,,,,,,,,,,,,,,,,,,,,,,,,,,,,,
oprah talks covid-19 dizibox,Oprah Talks COVID-19,oprah talks covid-19,Docuseries,Reality & Program,Interview series,2020,1,Bitti,Korsan Markalı,İzleme,Dizi,,hayır,Korsan Markalı,tr,Doğrulanacak,evet,,,,,,,hayir,,,,,,,,,,,,,,,,,,,,,,,,,,,,,,,
small prophets,Small Prophets,small prophets,Comedy,Fantastik,Comedy fantasy,2026,1,Devam,Dizi Ana,Navigasyonel,Dizi,,hayır,Jenerik,tr,Doğrulanacak,evet,590,LOW,0,,,,evet,260,260,720,480,1900,2400,20,10,10,10,10,10,10,10,10,0,0,0,0,0,0,0,0,0,0,0,0,0,0,0,0
small prophets dizi,Small Prophets,small prophets,Comedy,Fantastik,Comedy fantasy,2026,1,Devam,Dizi Ana,Navigasyonel,Dizi,,hayır,Jenerik,tr,Doğrulanacak,evet,10,LOW,0,,,,evet,10,10,20,20,50,0,0,0,0,0,0,0,0,0,0,0,0,0,0,0,0,0,0,0,0,0,0,0,0,0,0
small prophets dizisi,Small Prophets,small prophets,Comedy,Fantastik,Comedy fantasy,2026,1,Devam,Dizi Ana,Navigasyonel,Dizi,,hayır,Jenerik,tr,Doğrulanacak,evet,,,,,,,hayir,,,,,,,,,,,,,,,,,,,,,,,,,,,,,,,
small prophets izle,Small Prophets,small prophets,Comedy,Fantastik,Comedy fantasy,2026,1,Devam,İzleme,İzleme,Dizi,,hayır,Jenerik,tr,Doğrulanacak,evet,210,LOW,2,,,,evet,90,90,260,210,1000,590,0,0,0,0,0,0,0,0,0,0,0,0,0,0,0,0,0,0,0,0,0,0,0,0,0
small prophets türkçe dublaj izle,Small Prophets,small prophets,Comedy,Fantastik,Comedy fantasy,2026,1,Devam,İzleme,İzleme,Dizi,,hayır,Jenerik,tr,Doğrulanacak,evet,,,,,,,hayir,,,,,,,,,,,,,,,,,,,,,,,,,,,,,,,
small prophets altyazılı izle,Small Prophets,small prophets,Comedy,Fantastik,Comedy fantasy,2026,1,Devam,İzleme,İzleme,Dizi,,hayır,Jenerik,tr,Doğrulanacak,evet,10,LOW,0,,,,evet,20,30,40,10,50,0,0,0,0,0,0,0,0,0,0,0,0,0,0,0,0,0,0,0,0,0,0,0,0,0,0
small prophets türkçe dublaj,Small Prophets,small prophets,Comedy,Fantastik,Comedy fantasy,2026,1,Devam,İzleme,İzleme,Dizi,,hayır,Jenerik,tr,Doğrulanacak,evet,,,,,,,hayir,,,,,,,,,,,,,,,,,,,,,,,,,,,,,,,
small prophets dizi izle,Small Prophets,small prophets,Comedy,Fantastik,Comedy fantasy,2026,1,Devam,İzleme,İzleme,Dizi,,hayır,Jenerik,tr,Doğrulanacak,evet,,,,,,,hayir,,,,,,,,,,,,,,,,,,,,,,,,,,,,,,,
small prophets full izle,Small Prophets,small prophets,Comedy,Fantastik,Comedy fantasy,2026,1,Devam,İzleme,İzleme,Dizi,,hayır,Jenerik,tr,Doğrulanacak,evet,,,,,,,hayir,,,,,,,,,,,,,,,,,,,,,,,,,,,,,,,
small prophets hangi platformda,Small Prophets,small prophets,Comedy,Fantastik,Comedy fantasy,2026,1,Devam,Platform,İzleme,Dizi,,hayır,Jenerik,tr,Doğrulanacak,evet,10,LOW,12,,,,evet,10,10,10,10,90,0,0,0,0,0,0,0,0,0,0,0,0,0,0,0,0,0,0,0,0,0,0,0,0,0,0
small prophets nereden izlenir,Small Prophets,small prophets,Comedy,Fantastik,Comedy fantasy,2026,1,Devam,Platform,İzleme,Dizi,,hayır,Jenerik,tr,Doğrulanacak,evet,,,,,,,hayir,,,,,,,,,,,,,,,,,,,,,,,,,,,,,,,
small prophets netflix,Small Prophets,small prophets,Comedy,Fantastik,Comedy fantasy,2026,1,Devam,Platform,İzleme,Dizi,,hayır,Platform Markalı,tr,Doğrulanacak,evet,10,,,,,,evet,0,10,10,10,10,10,0,0,0,0,0,0,0,0,0,0,0,0,0,0,0,0,0,0,0,0,0,0,0,0,0
small prophets apple tv,Small Prophets,small prophets,Comedy,Fantastik,Comedy fantasy,2026,1,Devam,Platform,İzleme,Dizi,,hayır,Platform Markalı,tr,Doğrulanacak,evet,10,,,,,,evet,0,0,10,10,0,0,0,0,0,0,0,0,0,0,0,0,0,0,0,0,0,0,0,0,0,0,0,0,0,0,0
small prophets konusu,Small Prophets,small prophets,Comedy,Fantastik,Comedy fantasy,2026,1,Devam,Konu,Bilgi,Dizi,,hayır,Jenerik,tr,Doğrulanacak,evet,30,LOW,0,,,,evet,10,20,10,30,70,170,0,0,0,0,0,0,0,0,0,0,0,0,0,0,0,0,0,0,0,0,0,0,0,0,0
small prophets ne anlatıyor,Small Prophets,small prophets,Comedy,Fantastik,Comedy fantasy,2026,1,Devam,Konu,Bilgi,Dizi,,hayır,Jenerik,tr,Doğrulanacak,evet,,,,,,,hayir,,,,,,,,,,,,,,,,,,,,,,,,,,,,,,,
small prophets oyuncuları,Small Prophets,small prophets,Comedy,Fantastik,Comedy fantasy,2026,1,Devam,Oyuncular,Bilgi,Dizi,,hayır,Jenerik,tr,Doğrulanacak,evet,10,LOW,0,,,,evet,10,10,10,10,20,0,0,0,0,0,0,0,0,0,0,0,0,0,0,0,0,0,0,0,0,0,0,0,0,0,0
small prophets cast,Small Prophets,small prophets,Comedy,Fantastik,Comedy fantasy,2026,1,Devam,Oyuncular,Bilgi,Dizi,,hayır,Jenerik,en,Doğrulanacak,evet,10,LOW,0,,,,evet,10,10,10,10,10,40,0,0,0,0,0,0,0,0,0,0,0,0,0,0,0,0,0,0,0,0,0,0,0,0,0
small prophets kaç sezon,Small Prophets,small prophets,Comedy,Fantastik,Comedy fantasy,2026,1,Devam,Sezon Bilgi,Bilgi,Dizi,,hayır,Jenerik,tr,Doğrulanacak,evet,,,,,,,hayir,,,,,,,,,,,,,,,,,,,,,,,,,,,,,,,
small prophets yeni sezon ne zaman,Small Prophets,small prophets,Comedy,Fantastik,Comedy fantasy,2026,1,Devam,Sezon Takvim,Sezon & Takvim,Dizi,,hayır,Jenerik,tr,Doğrulanacak,evet,,,,,,,hayir,,,,,,,,,,,,,,,,,,,,,,,,,,,,,,,
small prophets 2 sezon,Small Prophets,small prophets,Comedy,Fantastik,Comedy fantasy,2026,1,Devam,Sezon Takvim,Sezon & Takvim,Sezon,2,hayır,Jenerik,tr,Doğrulanacak,evet,,,,,,,hayir,,,,,,,,,,,,,,,,,,,,,,,,,,,,,,,
small prophets 3 sezon,Small Prophets,small prophets,Comedy,Fantastik,Comedy fantasy,2026,1,Devam,Sezon Takvim,Sezon & Takvim,Sezon,3,hayır,Jenerik,tr,Doğrulanacak,evet,,,,,,,hayir,,,,,,,,,,,,,,,,,,,,,,,,,,,,,,,
small prophets 2 sezon ne zaman,Small Prophets,small prophets,Comedy,Fantastik,Comedy fantasy,2026,1,Devam,Sezon Takvim,Sezon & Takvim,Sezon,2,hayır,Jenerik,tr,Doğrulanacak,evet,,,,,,,hayir,,,,,,,,,,,,,,,,,,,,,,,,,,,,,,,
small prophets 3 sezon ne zaman,Small Prophets,small prophets,Comedy,Fantastik,Comedy fantasy,2026,1,Devam,Sezon Takvim,Sezon & Takvim,Sezon,3,hayır,Jenerik,tr,Doğrulanacak,evet,,,,,,,hayir,,,,,,,,,,,,,,,,,,,,,,,,,,,,,,,
small prophets season 2,Small Prophets,small prophets,Comedy,Fantastik,Comedy fantasy,2026,1,Devam,Sezon Takvim,Sezon & Takvim,Sezon,2,hayır,Jenerik,en,Doğrulanacak,evet,10,LOW,0,,,,evet,10,10,10,10,20,20,0,0,0,0,0,0,0,0,0,0,0,0,0,0,0,0,0,0,0,0,0,0,0,0,0
small prophets season 3,Small Prophets,small prophets,Comedy,Fantastik,Comedy fantasy,2026,1,Devam,Sezon Takvim,Sezon & Takvim,Sezon,3,hayır,Jenerik,en,Doğrulanacak,evet,,,,,,,hayir,,,,,,,,,,,,,,,,,,,,,,,,,,,,,,,
small prophets 2 sezon izle,Small Prophets,small prophets,Comedy,Fantastik,Comedy fantasy,2026,1,Devam,İzleme,İzleme,Sezon,2,hayır,Jenerik,tr,Doğrulanacak,evet,,,,,,,hayir,,,,,,,,,,,,,,,,,,,,,,,,,,,,,,,
small prophets 3 sezon izle,Small Prophets,small prophets,Comedy,Fantastik,Comedy fantasy,2026,1,Devam,İzleme,İzleme,Sezon,3,hayır,Jenerik,tr,Doğrulanacak,evet,,,,,,,hayir,,,,,,,,,,,,,,,,,,,,,,,,,,,,,,,
small prophets 1 sezon 1 bölüm,Small Prophets,small prophets,Comedy,Fantastik,Comedy fantasy,2026,1,Devam,Bölüm,İzleme,Bölüm,,hayır,Jenerik,tr,Doğrulanacak,evet,,,,,,,hayir,,,,,,,,,,,,,,,,,,,,,,,,,,,,,,,
small prophets 1 bölüm,Small Prophets,small prophets,Comedy,Fantastik,Comedy fantasy,2026,1,Devam,Bölüm,İzleme,Bölüm,,hayır,Jenerik,tr,Doğrulanacak,evet,,,,,,,hayir,,,,,,,,,,,,,,,,,,,,,,,,,,,,,,,
small prophets dizipal,Small Prophets,small prophets,Comedy,Fantastik,Comedy fantasy,2026,1,Devam,Korsan Markalı,İzleme,Dizi,,hayır,Korsan Markalı,tr,Doğrulanacak,evet,,,,,,,hayir,,,,,,,,,,,,,,,,,,,,,,,,,,,,,,,
small prophets dizibox,Small Prophets,small prophets,Comedy,Fantastik,Comedy fantasy,2026,1,Devam,Korsan Markalı,İzleme,Dizi,,hayır,Korsan Markalı,tr,Doğrulanacak,evet,,,,,,,hayir,,,,,,,,,,,,,,,,,,,,,,,,,,,,,,,
