keyword,dizi,dizi_anahtar,kategori,tur,cikis_yili,sezon_sayisi,durum,sayfa_tipi,intent_katmani,entity_tipi,sezon_no,belirsiz_ad,marka_tipi,dil,erisim,apple_resmi
neuromancer,Neuromancer,neuromancer,Drama,Cyberpunk science fiction,2027,1,Yakında,Dizi Ana,Navigasyonel,Dizi,,hayır,Jenerik,tr,Doğrulanacak,evet
neuromancer dizi,Neuromancer,neuromancer,Drama,Cyberpunk science fiction,2027,1,Yakında,Dizi Ana,Navigasyonel,Dizi,,hayır,Jenerik,tr,Doğrulanacak,evet
neuromancer dizisi,Neuromancer,neuromancer,Drama,Cyberpunk science fiction,2027,1,Yakında,Dizi Ana,Navigasyonel,Dizi,,hayır,Jenerik,tr,Doğrulanacak,evet
neuromancer izle,Neuromancer,neuromancer,Drama,Cyberpunk science fiction,2027,1,Yakında,İzleme,İzleme,Dizi,,hayır,Jenerik,tr,Doğrulanacak,evet
neuromancer türkçe dublaj izle,Neuromancer,neuromancer,Drama,Cyberpunk science fiction,2027,1,Yakında,İzleme,İzleme,Dizi,,hayır,Jenerik,tr,Doğrulanacak,evet
neuromancer altyazılı izle,Neuromancer,neuromancer,Drama,Cyberpunk science fiction,2027,1,Yakında,İzleme,İzleme,Dizi,,hayır,Jenerik,tr,Doğrulanacak,evet
neuromancer türkçe dublaj,Neuromancer,neuromancer,Drama,Cyberpunk science fiction,2027,1,Yakında,İzleme,İzleme,Dizi,,hayır,Jenerik,tr,Doğrulanacak,evet
neuromancer dizi izle,Neuromancer,neuromancer,Drama,Cyberpunk science fiction,2027,1,Yakında,İzleme,İzleme,Dizi,,hayır,Jenerik,tr,Doğrulanacak,evet
neuromancer full izle,Neuromancer,neuromancer,Drama,Cyberpunk science fiction,2027,1,Yakında,İzleme,İzleme,Dizi,,hayır,Jenerik,tr,Doğrulanacak,evet
neuromancer hangi platformda,Neuromancer,neuromancer,Drama,Cyberpunk science fiction,2027,1,Yakında,Platform,İzleme,Dizi,,hayır,Jenerik,tr,Doğrulanacak,evet
neuromancer nereden izlenir,Neuromancer,neuromancer,Drama,Cyberpunk science fiction,2027,1,Yakında,Platform,İzleme,Dizi,,hayır,Jenerik,tr,Doğrulanacak,evet
neuromancer netflix,Neuromancer,neuromancer,Drama,Cyberpunk science fiction,2027,1,Yakında,Platform,İzleme,Dizi,,hayır,Platform Markalı,tr,Doğrulanacak,evet
neuromancer apple tv,Neuromancer,neuromancer,Drama,Cyberpunk science fiction,2027,1,Yakında,Platform,İzleme,Dizi,,hayır,Platform Markalı,tr,Doğrulanacak,evet
neuromancer konusu,Neuromancer,neuromancer,Drama,Cyberpunk science fiction,2027,1,Yakında,Konu,Bilgi,Dizi,,hayır,Jenerik,tr,Doğrulanacak,evet
neuromancer ne anlatıyor,Neuromancer,neuromancer,Drama,Cyberpunk science fiction,2027,1,Yakında,Konu,Bilgi,Dizi,,hayır,Jenerik,tr,Doğrulanacak,evet
neuromancer oyuncuları,Neuromancer,neuromancer,Drama,Cyberpunk science fiction,2027,1,Yakında,Oyuncular,Bilgi,Dizi,,hayır,Jenerik,tr,Doğrulanacak,evet
neuromancer cast,Neuromancer,neuromancer,Drama,Cyberpunk science fiction,2027,1,Yakında,Oyuncular,Bilgi,Dizi,,hayır,Jenerik,en,Doğrulanacak,evet
neuromancer kaç sezon,Neuromancer,neuromancer,Drama,Cyberpunk science fiction,2027,1,Yakında,Sezon Bilgi,Bilgi,Dizi,,hayır,Jenerik,tr,Doğrulanacak,evet
neuromancer yeni sezon ne zaman,Neuromancer,neuromancer,Drama,Cyberpunk science fiction,2027,1,Yakında,Sezon Takvim,Sezon & Takvim,Dizi,,hayır,Jenerik,tr,Doğrulanacak,evet
neuromancer 2 sezon,Neuromancer,neuromancer,Drama,Cyberpunk science fiction,2027,1,Yakında,Sezon Takvim,Sezon & Takvim,Sezon,2,hayır,Jenerik,tr,Doğrulanacak,evet
neuromancer 3 sezon,Neuromancer,neuromancer,Drama,Cyberpunk science fiction,2027,1,Yakında,Sezon Takvim,Sezon & Takvim,Sezon,3,hayır,Jenerik,tr,Doğrulanacak,evet
neuromancer 2 sezon ne zaman,Neuromancer,neuromancer,Drama,Cyberpunk science fiction,2027,1,Yakında,Sezon Takvim,Sezon & Takvim,Sezon,2,hayır,Jenerik,tr,Doğrulanacak,evet
neuromancer 3 sezon ne zaman,Neuromancer,neuromancer,Drama,Cyberpunk science fiction,2027,1,Yakında,Sezon Takvim,Sezon & Takvim,Sezon,3,hayır,Jenerik,tr,Doğrulanacak,evet
neuromancer season 2,Neuromancer,neuromancer,Drama,Cyberpunk science fiction,2027,1,Yakında,Sezon Takvim,Sezon & Takvim,Sezon,2,hayır,Jenerik,en,Doğrulanacak,evet
neuromancer season 3,Neuromancer,neuromancer,Drama,Cyberpunk science fiction,2027,1,Yakında,Sezon Takvim,Sezon & Takvim,Sezon,3,hayır,Jenerik,en,Doğrulanacak,evet
neuromancer 2 sezon izle,Neuromancer,neuromancer,Drama,Cyberpunk science fiction,2027,1,Yakında,İzleme,İzleme,Sezon,2,hayır,Jenerik,tr,Doğrulanacak,evet
neuromancer 3 sezon izle,Neuromancer,neuromancer,Drama,Cyberpunk science fiction,2027,1,Yakında,İzleme,İzleme,Sezon,3,hayır,Jenerik,tr,Doğrulanacak,evet
neuromancer 1 sezon 1 bölüm,Neuromancer,neuromancer,Drama,Cyberpunk science fiction,2027,1,Yakında,Bölüm,İzleme,Bölüm,,hayır,Jenerik,tr,Doğrulanacak,evet
neuromancer 1 bölüm,Neuromancer,neuromancer,Drama,Cyberpunk science fiction,2027,1,Yakında,Bölüm,İzleme,Bölüm,,hayır,Jenerik,tr,Doğrulanacak,evet
neuromancer dizipal,Neuromancer,neuromancer,Drama,Cyberpunk science fiction,2027,1,Yakında,Korsan Markalı,İzleme,Dizi,,hayır,Korsan Markalı,tr,Doğrulanacak,evet
neuromancer dizibox,Neuromancer,neuromancer,Drama,Cyberpunk science fiction,2027,1,Yakında,Korsan Markalı,İzleme,Dizi,,hayır,Korsan Markalı,tr,Doğrulanacak,evet
last seen dizi,Last Seen,last seen,Drama,Thriller,2026,1,Devam,Dizi Ana,Navigasyonel,Dizi,,evet,Jenerik,tr,Doğrulanacak,evet
last seen dizisi,Last Seen,last seen,Drama,Thriller,2026,1,Devam,Dizi Ana,Navigasyonel,Dizi,,evet,Jenerik,tr,Doğrulanacak,evet
last seen izle,Last Seen,last seen,Drama,Thriller,2026,1,Devam,İzleme,İzleme,Dizi,,evet,Jenerik,tr,Doğrulanacak,evet
last seen türkçe dublaj izle,Last Seen,last seen,Drama,Thriller,2026,1,Devam,İzleme,İzleme,Dizi,,evet,Jenerik,tr,Doğrulanacak,evet
last seen altyazılı izle,Last Seen,last seen,Drama,Thriller,2026,1,Devam,İzleme,İzleme,Dizi,,evet,Jenerik,tr,Doğrulanacak,evet
last seen türkçe dublaj,Last Seen,last seen,Drama,Thriller,2026,1,Devam,İzleme,İzleme,Dizi,,evet,Jenerik,tr,Doğrulanacak,evet
last seen dizi izle,Last Seen,last seen,Drama,Thriller,2026,1,Devam,İzleme,İzleme,Dizi,,evet,Jenerik,tr,Doğrulanacak,evet
last seen full izle,Last Seen,last seen,Drama,Thriller,2026,1,Devam,İzleme,İzleme,Dizi,,evet,Jenerik,tr,Doğrulanacak,evet
last seen hangi platformda,Last Seen,last seen,Drama,Thriller,2026,1,Devam,Platform,İzleme,Dizi,,evet,Jenerik,tr,Doğrulanacak,evet
last seen nereden izlenir,Last Seen,last seen,Drama,Thriller,2026,1,Devam,Platform,İzleme,Dizi,,evet,Jenerik,tr,Doğrulanacak,evet
last seen netflix,Last Seen,last seen,Drama,Thriller,2026,1,Devam,Platform,İzleme,Dizi,,evet,Platform Markalı,tr,Doğrulanacak,evet
last seen apple tv,Last Seen,last seen,Drama,Thriller,2026,1,Devam,Platform,İzleme,Dizi,,evet,Platform Markalı,tr,Doğrulanacak,evet
last seen konusu,Last Seen,last seen,Drama,Thriller,2026,1,Devam,Konu,Bilgi,Dizi,,evet,Jenerik,tr,Doğrulanacak,evet
last seen ne anlatıyor,Last Seen,last seen,Drama,Thriller,2026,1,Devam,Konu,Bilgi,Dizi,,evet,Jenerik,tr,Doğrulanacak,evet
last seen oyuncuları,Last Seen,last seen,Drama,Thriller,2026,1,Devam,Oyuncular,Bilgi,Dizi,,evet,Jenerik,tr,Doğrulanacak,evet
last seen cast,Last Seen,last seen,Drama,Thriller,2026,1,Devam,Oyuncular,Bilgi,Dizi,,evet,Jenerik,en,Doğrulanacak,evet
last seen kaç sezon,Last Seen,last seen,Drama,Thriller,2026,1,Devam,Sezon Bilgi,Bilgi,Dizi,,evet,Jenerik,tr,Doğrulanacak,evet
last seen yeni sezon ne zaman,Last Seen,last seen,Drama,Thriller,2026,1,Devam,Sezon Takvim,Sezon & Takvim,Dizi,,evet,Jenerik,tr,Doğrulanacak,evet
last seen 2 sezon,Last Seen,last seen,Drama,Thriller,2026,1,Devam,Sezon Takvim,Sezon & Takvim,Sezon,2,evet,Jenerik,tr,Doğrulanacak,evet
last seen 3 sezon,Last Seen,last seen,Drama,Thriller,2026,1,Devam,Sezon Takvim,Sezon & Takvim,Sezon,3,evet,Jenerik,tr,Doğrulanacak,evet
last seen 2 sezon ne zaman,Last Seen,last seen,Drama,Thriller,2026,1,Devam,Sezon Takvim,Sezon & Takvim,Sezon,2,evet,Jenerik,tr,Doğrulanacak,evet
last seen 3 sezon ne zaman,Last Seen,last seen,Drama,Thriller,2026,1,Devam,Sezon Takvim,Sezon & Takvim,Sezon,3,evet,Jenerik,tr,Doğrulanacak,evet
last seen season 2,Last Seen,last seen,Drama,Thriller,2026,1,Devam,Sezon Takvim,Sezon & Takvim,Sezon,2,evet,Jenerik,en,Doğrulanacak,evet
last seen season 3,Last Seen,last seen,Drama,Thriller,2026,1,Devam,Sezon Takvim,Sezon & Takvim,Sezon,3,evet,Jenerik,en,Doğrulanacak,evet
last seen 2 sezon izle,Last Seen,last seen,Drama,Thriller,2026,1,Devam,İzleme,İzleme,Sezon,2,evet,Jenerik,tr,Doğrulanacak,evet
last seen 3 sezon izle,Last Seen,last seen,Drama,Thriller,2026,1,Devam,İzleme,İzleme,Sezon,3,evet,Jenerik,tr,Doğrulanacak,evet
last seen 1 sezon 1 bölüm,Last Seen,last seen,Drama,Thriller,2026,1,Devam,Bölüm,İzleme,Bölüm,,evet,Jenerik,tr,Doğrulanacak,evet
last seen 1 bölüm,Last Seen,last seen,Drama,Thriller,2026,1,Devam,Bölüm,İzleme,Bölüm,,evet,Jenerik,tr,Doğrulanacak,evet
last seen dizipal,Last Seen,last seen,Drama,Thriller,2026,1,Devam,Korsan Markalı,İzleme,Dizi,,evet,Korsan Markalı,tr,Doğrulanacak,evet
last seen dizibox,Last Seen,last seen,Drama,Thriller,2026,1,Devam,Korsan Markalı,İzleme,Dizi,,evet,Korsan Markalı,tr,Doğrulanacak,evet
you would do it too,You Would Do It Too,you would do it too,Non-English,Spanish-language thriller,2024,1,Bitti,Dizi Ana,Navigasyonel,Dizi,,hayır,Jenerik,tr,Doğrulanacak,evet
you would do it too dizi,You Would Do It Too,you would do it too,Non-English,Spanish-language thriller,2024,1,Bitti,Dizi Ana,Navigasyonel,Dizi,,hayır,Jenerik,tr,Doğrulanacak,evet
you would do it too dizisi,You Would Do It Too,you would do it too,Non-English,Spanish-language thriller,2024,1,Bitti,Dizi Ana,Navigasyonel,Dizi,,hayır,Jenerik,tr,Doğrulanacak,evet
you would do it too izle,You Would Do It Too,you would do it too,Non-English,Spanish-language thriller,2024,1,Bitti,İzleme,İzleme,Dizi,,hayır,Jenerik,tr,Doğrulanacak,evet
you would do it too türkçe dublaj izle,You Would Do It Too,you would do it too,Non-English,Spanish-language thriller,2024,1,Bitti,İzleme,İzleme,Dizi,,hayır,Jenerik,tr,Doğrulanacak,evet
you would do it too altyazılı izle,You Would Do It Too,you would do it too,Non-English,Spanish-language thriller,2024,1,Bitti,İzleme,İzleme,Dizi,,hayır,Jenerik,tr,Doğrulanacak,evet
you would do it too türkçe dublaj,You Would Do It Too,you would do it too,Non-English,Spanish-language thriller,2024,1,Bitti,İzleme,İzleme,Dizi,,hayır,Jenerik,tr,Doğrulanacak,evet
you would do it too dizi izle,You Would Do It Too,you would do it too,Non-English,Spanish-language thriller,2024,1,Bitti,İzleme,İzleme,Dizi,,hayır,Jenerik,tr,Doğrulanacak,evet
you would do it too full izle,You Would Do It Too,you would do it too,Non-English,Spanish-language thriller,2024,1,Bitti,İzleme,İzleme,Dizi,,hayır,Jenerik,tr,Doğrulanacak,evet
you would do it too hangi platformda,You Would Do It Too,you would do it too,Non-English,Spanish-language thriller,2024,1,Bitti,Platform,İzleme,Dizi,,hayır,Jenerik,tr,Doğrulanacak,evet
you would do it too nereden izlenir,You Would Do It Too,you would do it too,Non-English,Spanish-language thriller,2024,1,Bitti,Platform,İzleme,Dizi,,hayır,Jenerik,tr,Doğrulanacak,evet
you would do it too netflix,You Would Do It Too,you would do it too,Non-English,Spanish-language thriller,2024,1,Bitti,Platform,İzleme,Dizi,,hayır,Platform Markalı,tr,Doğrulanacak,evet
you would do it too apple tv,You Would Do It Too,you would do it too,Non-English,Spanish-language thriller,2024,1,Bitti,Platform,İzleme,Dizi,,hayır,Platform Markalı,tr,Doğrulanacak,evet
you would do it too konusu,You Would Do It Too,you would do it too,Non-English,Spanish-language thriller,2024,1,Bitti,Konu,Bilgi,Dizi,,hayır,Jenerik,tr,Doğrulanacak,evet
you would do it too ne anlatıyor,You Would Do It Too,you would do it too,Non-English,Spanish-language thriller,2024,1,Bitti,Konu,Bilgi,Dizi,,hayır,Jenerik,tr,Doğrulanacak,evet
you would do it too oyuncuları,You Would Do It Too,you would do it too,Non-English,Spanish-language thriller,2024,1,Bitti,Oyuncular,Bilgi,Dizi,,hayır,Jenerik,tr,Doğrulanacak,evet
you would do it too cast,You Would Do It Too,you would do it too,Non-English,Spanish-language thriller,2024,1,Bitti,Oyuncular,Bilgi,Dizi,,hayır,Jenerik,en,Doğrulanacak,evet
you would do it too kaç sezon,You Would Do It Too,you would do it too,Non-English,Spanish-language thriller,2024,1,Bitti,Sezon Bilgi,Bilgi,Dizi,,hayır,Jenerik,tr,Doğrulanacak,evet
you would do it too yeni sezon ne zaman,You Would Do It Too,you would do it too,Non-English,Spanish-language thriller,2024,1,Bitti,Sezon Takvim,Sezon & Takvim,Dizi,,hayır,Jenerik,tr,Doğrulanacak,evet
you would do it too 2 sezon,You Would Do It Too,you would do it too,Non-English,Spanish-language thriller,2024,1,Bitti,Sezon Takvim,Sezon & Takvim,Sezon,2,hayır,Jenerik,tr,Doğrulanacak,evet
you would do it too 3 sezon,You Would Do It Too,you would do it too,Non-English,Spanish-language thriller,2024,1,Bitti,Sezon Takvim,Sezon & Takvim,Sezon,3,hayır,Jenerik,tr,Doğrulanacak,evet
you would do it too 2 sezon ne zaman,You Would Do It Too,you would do it too,Non-English,Spanish-language thriller,2024,1,Bitti,Sezon Takvim,Sezon & Takvim,Sezon,2,hayır,Jenerik,tr,Doğrulanacak,evet
you would do it too 3 sezon ne zaman,You Would Do It Too,you would do it too,Non-English,Spanish-language thriller,2024,1,Bitti,Sezon Takvim,Sezon & Takvim,Sezon,3,hayır,Jenerik,tr,Doğrulanacak,evet
you would do it too season 2,You Would Do It Too,you would do it too,Non-English,Spanish-language thriller,2024,1,Bitti,Sezon Takvim,Sezon & Takvim,Sezon,2,hayır,Jenerik,en,Doğrulanacak,evet
you would do it too season 3,You Would Do It Too,you would do it too,Non-English,Spanish-language thriller,2024,1,Bitti,Sezon Takvim,Sezon & Takvim,Sezon,3,hayır,Jenerik,en,Doğrulanacak,evet
you would do it too 2 sezon izle,You Would Do It Too,you would do it too,Non-English,Spanish-language thriller,2024,1,Bitti,İzleme,İzleme,Sezon,2,hayır,Jenerik,tr,Doğrulanacak,evet
you would do it too 3 sezon izle,You Would Do It Too,you would do it too,Non-English,Spanish-language thriller,2024,1,Bitti,İzleme,İzleme,Sezon,3,hayır,Jenerik,tr,Doğrulanacak,evet
you would do it too 1 sezon 1 bölüm,You Would Do It Too,you would do it too,Non-English,Spanish-language thriller,2024,1,Bitti,Bölüm,İzleme,Bölüm,,hayır,Jenerik,tr,Doğrulanacak,evet
you would do it too 1 bölüm,You Would Do It Too,you would do it too,Non-English,Spanish-language thriller,2024,1,Bitti,Bölüm,İzleme,Bölüm,,hayır,Jenerik,tr,Doğrulanacak,evet
you would do it too dizipal,You Would Do It Too,you would do it too,Non-English,Spanish-language thriller,2024,1,Bitti,Korsan Markalı,İzleme,Dizi,,hayır,Korsan Markalı,tr,Doğrulanacak,evet
you would do it too dizibox,You Would Do It Too,you would do it too,Non-English,Spanish-language thriller,2024,1,Bitti,Korsan Markalı,İzleme,Dizi,,hayır,Korsan Markalı,tr,Doğrulanacak,evet
the secret lives of animals,The Secret Lives of Animals,the secret lives of animals,Docuseries,Nature documentary,2024,1,Bitti,Dizi Ana,Navigasyonel,Dizi,,hayır,Jenerik,tr,Doğrulanacak,evet
the secret lives of animals dizi,The Secret Lives of Animals,the secret lives of animals,Docuseries,Nature documentary,2024,1,Bitti,Dizi Ana,Navigasyonel,Dizi,,hayır,Jenerik,tr,Doğrulanacak,evet
the secret lives of animals dizisi,The Secret Lives of Animals,the secret lives of animals,Docuseries,Nature documentary,2024,1,Bitti,Dizi Ana,Navigasyonel,Dizi,,hayır,Jenerik,tr,Doğrulanacak,evet
the secret lives of animals izle,The Secret Lives of Animals,the secret lives of animals,Docuseries,Nature documentary,2024,1,Bitti,İzleme,İzleme,Dizi,,hayır,Jenerik,tr,Doğrulanacak,evet
the secret lives of animals türkçe dublaj izle,The Secret Lives of Animals,the secret lives of animals,Docuseries,Nature documentary,2024,1,Bitti,İzleme,İzleme,Dizi,,hayır,Jenerik,tr,Doğrulanacak,evet
the secret lives of animals altyazılı izle,The Secret Lives of Animals,the secret lives of animals,Docuseries,Nature documentary,2024,1,Bitti,İzleme,İzleme,Dizi,,hayır,Jenerik,tr,Doğrulanacak,evet
the secret lives of animals türkçe dublaj,The Secret Lives of Animals,the secret lives of animals,Docuseries,Nature documentary,2024,1,Bitti,İzleme,İzleme,Dizi,,hayır,Jenerik,tr,Doğrulanacak,evet
the secret lives of animals dizi izle,The Secret Lives of Animals,the secret lives of animals,Docuseries,Nature documentary,2024,1,Bitti,İzleme,İzleme,Dizi,,hayır,Jenerik,tr,Doğrulanacak,evet
the secret lives of animals full izle,The Secret Lives of Animals,the secret lives of animals,Docuseries,Nature documentary,2024,1,Bitti,İzleme,İzleme,Dizi,,hayır,Jenerik,tr,Doğrulanacak,evet
the secret lives of animals hangi platformda,The Secret Lives of Animals,the secret lives of animals,Docuseries,Nature documentary,2024,1,Bitti,Platform,İzleme,Dizi,,hayır,Jenerik,tr,Doğrulanacak,evet
the secret lives of animals nereden izlenir,The Secret Lives of Animals,the secret lives of animals,Docuseries,Nature documentary,2024,1,Bitti,Platform,İzleme,Dizi,,hayır,Jenerik,tr,Doğrulanacak,evet
the secret lives of animals netflix,The Secret Lives of Animals,the secret lives of animals,Docuseries,Nature documentary,2024,1,Bitti,Platform,İzleme,Dizi,,hayır,Platform Markalı,tr,Doğrulanacak,evet
the secret lives of animals apple tv,The Secret Lives of Animals,the secret lives of animals,Docuseries,Nature documentary,2024,1,Bitti,Platform,İzleme,Dizi,,hayır,Platform Markalı,tr,Doğrulanacak,evet
the secret lives of animals konusu,The Secret Lives of Animals,the secret lives of animals,Docuseries,Nature documentary,2024,1,Bitti,Konu,Bilgi,Dizi,,hayır,Jenerik,tr,Doğrulanacak,evet
the secret lives of animals ne anlatıyor,The Secret Lives of Animals,the secret lives of animals,Docuseries,Nature documentary,2024,1,Bitti,Konu,Bilgi,Dizi,,hayır,Jenerik,tr,Doğrulanacak,evet
the secret lives of animals oyuncuları,The Secret Lives of Animals,the secret lives of animals,Docuseries,Nature documentary,2024,1,Bitti,Oyuncular,Bilgi,Dizi,,hayır,Jenerik,tr,Doğrulanacak,evet
the secret lives of animals cast,The Secret Lives of Animals,the secret lives of animals,Docuseries,Nature documentary,2024,1,Bitti,Oyuncular,Bilgi,Dizi,,hayır,Jenerik,en,Doğrulanacak,evet
the secret lives of animals kaç sezon,The Secret Lives of Animals,the secret lives of animals,Docuseries,Nature documentary,2024,1,Bitti,Sezon Bilgi,Bilgi,Dizi,,hayır,Jenerik,tr,Doğrulanacak,evet
the secret lives of animals yeni sezon ne zaman,The Secret Lives of Animals,the secret lives of animals,Docuseries,Nature documentary,2024,1,Bitti,Sezon Takvim,Sezon & Takvim,Dizi,,hayır,Jenerik,tr,Doğrulanacak,evet
the secret lives of animals 2 sezon,The Secret Lives of Animals,the secret lives of animals,Docuseries,Nature documentary,2024,1,Bitti,Sezon Takvim,Sezon & Takvim,Sezon,2,hayır,Jenerik,tr,Doğrulanacak,evet
the secret lives of animals 3 sezon,The Secret Lives of Animals,the secret lives of animals,Docuseries,Nature documentary,2024,1,Bitti,Sezon Takvim,Sezon & Takvim,Sezon,3,hayır,Jenerik,tr,Doğrulanacak,evet
the secret lives of animals 2 sezon ne zaman,The Secret Lives of Animals,the secret lives of animals,Docuseries,Nature documentary,2024,1,Bitti,Sezon Takvim,Sezon & Takvim,Sezon,2,hayır,Jenerik,tr,Doğrulanacak,evet
the secret lives of animals 3 sezon ne zaman,The Secret Lives of Animals,the secret lives of animals,Docuseries,Nature documentary,2024,1,Bitti,Sezon Takvim,Sezon & Takvim,Sezon,3,hayır,Jenerik,tr,Doğrulanacak,evet
the secret lives of animals season 2,The Secret Lives of Animals,the secret lives of animals,Docuseries,Nature documentary,2024,1,Bitti,Sezon Takvim,Sezon & Takvim,Sezon,2,hayır,Jenerik,en,Doğrulanacak,evet
the secret lives of animals season 3,The Secret Lives of Animals,the secret lives of animals,Docuseries,Nature documentary,2024,1,Bitti,Sezon Takvim,Sezon & Takvim,Sezon,3,hayır,Jenerik,en,Doğrulanacak,evet
the secret lives of animals 2 sezon izle,The Secret Lives of Animals,the secret lives of animals,Docuseries,Nature documentary,2024,1,Bitti,İzleme,İzleme,Sezon,2,hayır,Jenerik,tr,Doğrulanacak,evet
the secret lives of animals 3 sezon izle,The Secret Lives of Animals,the secret lives of animals,Docuseries,Nature documentary,2024,1,Bitti,İzleme,İzleme,Sezon,3,hayır,Jenerik,tr,Doğrulanacak,evet
the secret lives of animals 1 sezon 1 bölüm,The Secret Lives of Animals,the secret lives of animals,Docuseries,Nature documentary,2024,1,Bitti,Bölüm,İzleme,Bölüm,,hayır,Jenerik,tr,Doğrulanacak,evet
the secret lives of animals 1 bölüm,The Secret Lives of Animals,the secret lives of animals,Docuseries,Nature documentary,2024,1,Bitti,Bölüm,İzleme,Bölüm,,hayır,Jenerik,tr,Doğrulanacak,evet
the secret lives of animals dizipal,The Secret Lives of Animals,the secret lives of animals,Docuseries,Nature documentary,2024,1,Bitti,Korsan Markalı,İzleme,Dizi,,hayır,Korsan Markalı,tr,Doğrulanacak,evet
the secret lives of animals dizibox,The Secret Lives of Animals,the secret lives of animals,Docuseries,Nature documentary,2024,1,Bitti,Korsan Markalı,İzleme,Dizi,,hayır,Korsan Markalı,tr,Doğrulanacak,evet
unconditional dizi,Unconditional,unconditional,Docuseries,Documentary,2026,1,Bitti,Dizi Ana,Navigasyonel,Dizi,,evet,Jenerik,tr,Doğrulanacak,evet
unconditional dizisi,Unconditional,unconditional,Docuseries,Documentary,2026,1,Bitti,Dizi Ana,Navigasyonel,Dizi,,evet,Jenerik,tr,Doğrulanacak,evet
unconditional izle,Unconditional,unconditional,Docuseries,Documentary,2026,1,Bitti,İzleme,İzleme,Dizi,,evet,Jenerik,tr,Doğrulanacak,evet
unconditional türkçe dublaj izle,Unconditional,unconditional,Docuseries,Documentary,2026,1,Bitti,İzleme,İzleme,Dizi,,evet,Jenerik,tr,Doğrulanacak,evet
unconditional altyazılı izle,Unconditional,unconditional,Docuseries,Documentary,2026,1,Bitti,İzleme,İzleme,Dizi,,evet,Jenerik,tr,Doğrulanacak,evet
unconditional türkçe dublaj,Unconditional,unconditional,Docuseries,Documentary,2026,1,Bitti,İzleme,İzleme,Dizi,,evet,Jenerik,tr,Doğrulanacak,evet
unconditional dizi izle,Unconditional,unconditional,Docuseries,Documentary,2026,1,Bitti,İzleme,İzleme,Dizi,,evet,Jenerik,tr,Doğrulanacak,evet
unconditional full izle,Unconditional,unconditional,Docuseries,Documentary,2026,1,Bitti,İzleme,İzleme,Dizi,,evet,Jenerik,tr,Doğrulanacak,evet
unconditional hangi platformda,Unconditional,unconditional,Docuseries,Documentary,2026,1,Bitti,Platform,İzleme,Dizi,,evet,Jenerik,tr,Doğrulanacak,evet
unconditional nereden izlenir,Unconditional,unconditional,Docuseries,Documentary,2026,1,Bitti,Platform,İzleme,Dizi,,evet,Jenerik,tr,Doğrulanacak,evet
unconditional netflix,Unconditional,unconditional,Docuseries,Documentary,2026,1,Bitti,Platform,İzleme,Dizi,,evet,Platform Markalı,tr,Doğrulanacak,evet
unconditional apple tv,Unconditional,unconditional,Docuseries,Documentary,2026,1,Bitti,Platform,İzleme,Dizi,,evet,Platform Markalı,tr,Doğrulanacak,evet
unconditional konusu,Unconditional,unconditional,Docuseries,Documentary,2026,1,Bitti,Konu,Bilgi,Dizi,,evet,Jenerik,tr,Doğrulanacak,evet
unconditional ne anlatıyor,Unconditional,unconditional,Docuseries,Documentary,2026,1,Bitti,Konu,Bilgi,Dizi,,evet,Jenerik,tr,Doğrulanacak,evet
unconditional oyuncuları,Unconditional,unconditional,Docuseries,Documentary,2026,1,Bitti,Oyuncular,Bilgi,Dizi,,evet,Jenerik,tr,Doğrulanacak,evet
unconditional cast,Unconditional,unconditional,Docuseries,Documentary,2026,1,Bitti,Oyuncular,Bilgi,Dizi,,evet,Jenerik,en,Doğrulanacak,evet
unconditional kaç sezon,Unconditional,unconditional,Docuseries,Documentary,2026,1,Bitti,Sezon Bilgi,Bilgi,Dizi,,evet,Jenerik,tr,Doğrulanacak,evet
unconditional yeni sezon ne zaman,Unconditional,unconditional,Docuseries,Documentary,2026,1,Bitti,Sezon Takvim,Sezon & Takvim,Dizi,,evet,Jenerik,tr,Doğrulanacak,evet
unconditional 2 sezon,Unconditional,unconditional,Docuseries,Documentary,2026,1,Bitti,Sezon Takvim,Sezon & Takvim,Sezon,2,evet,Jenerik,tr,Doğrulanacak,evet
unconditional 3 sezon,Unconditional,unconditional,Docuseries,Documentary,2026,1,Bitti,Sezon Takvim,Sezon & Takvim,Sezon,3,evet,Jenerik,tr,Doğrulanacak,evet
unconditional 2 sezon ne zaman,Unconditional,unconditional,Docuseries,Documentary,2026,1,Bitti,Sezon Takvim,Sezon & Takvim,Sezon,2,evet,Jenerik,tr,Doğrulanacak,evet
unconditional 3 sezon ne zaman,Unconditional,unconditional,Docuseries,Documentary,2026,1,Bitti,Sezon Takvim,Sezon & Takvim,Sezon,3,evet,Jenerik,tr,Doğrulanacak,evet
unconditional season 2,Unconditional,unconditional,Docuseries,Documentary,2026,1,Bitti,Sezon Takvim,Sezon & Takvim,Sezon,2,evet,Jenerik,en,Doğrulanacak,evet
unconditional season 3,Unconditional,unconditional,Docuseries,Documentary,2026,1,Bitti,Sezon Takvim,Sezon & Takvim,Sezon,3,evet,Jenerik,en,Doğrulanacak,evet
unconditional 2 sezon izle,Unconditional,unconditional,Docuseries,Documentary,2026,1,Bitti,İzleme,İzleme,Sezon,2,evet,Jenerik,tr,Doğrulanacak,evet
unconditional 3 sezon izle,Unconditional,unconditional,Docuseries,Documentary,2026,1,Bitti,İzleme,İzleme,Sezon,3,evet,Jenerik,tr,Doğrulanacak,evet
unconditional 1 sezon 1 bölüm,Unconditional,unconditional,Docuseries,Documentary,2026,1,Bitti,Bölüm,İzleme,Bölüm,,evet,Jenerik,tr,Doğrulanacak,evet
unconditional 1 bölüm,Unconditional,unconditional,Docuseries,Documentary,2026,1,Bitti,Bölüm,İzleme,Bölüm,,evet,Jenerik,tr,Doğrulanacak,evet
unconditional dizipal,Unconditional,unconditional,Docuseries,Documentary,2026,1,Bitti,Korsan Markalı,İzleme,Dizi,,evet,Korsan Markalı,tr,Doğrulanacak,evet
unconditional dizibox,Unconditional,unconditional,Docuseries,Documentary,2026,1,Bitti,Korsan Markalı,İzleme,Dizi,,evet,Korsan Markalı,tr,Doğrulanacak,evet
oprah talks covid-19,Oprah Talks COVID-19,oprah talks covid-19,Docuseries,Interview series,2020,1,Bitti,Dizi Ana,Navigasyonel,Dizi,,hayır,Jenerik,tr,Doğrulanacak,evet
oprah talks covid-19 dizi,Oprah Talks COVID-19,oprah talks covid-19,Docuseries,Interview series,2020,1,Bitti,Dizi Ana,Navigasyonel,Dizi,,hayır,Jenerik,tr,Doğrulanacak,evet
oprah talks covid-19 dizisi,Oprah Talks COVID-19,oprah talks covid-19,Docuseries,Interview series,2020,1,Bitti,Dizi Ana,Navigasyonel,Dizi,,hayır,Jenerik,tr,Doğrulanacak,evet
oprah talks covid-19 izle,Oprah Talks COVID-19,oprah talks covid-19,Docuseries,Interview series,2020,1,Bitti,İzleme,İzleme,Dizi,,hayır,Jenerik,tr,Doğrulanacak,evet
oprah talks covid-19 türkçe dublaj izle,Oprah Talks COVID-19,oprah talks covid-19,Docuseries,Interview series,2020,1,Bitti,İzleme,İzleme,Dizi,,hayır,Jenerik,tr,Doğrulanacak,evet
oprah talks covid-19 altyazılı izle,Oprah Talks COVID-19,oprah talks covid-19,Docuseries,Interview series,2020,1,Bitti,İzleme,İzleme,Dizi,,hayır,Jenerik,tr,Doğrulanacak,evet
oprah talks covid-19 türkçe dublaj,Oprah Talks COVID-19,oprah talks covid-19,Docuseries,Interview series,2020,1,Bitti,İzleme,İzleme,Dizi,,hayır,Jenerik,tr,Doğrulanacak,evet
oprah talks covid-19 dizi izle,Oprah Talks COVID-19,oprah talks covid-19,Docuseries,Interview series,2020,1,Bitti,İzleme,İzleme,Dizi,,hayır,Jenerik,tr,Doğrulanacak,evet
oprah talks covid-19 full izle,Oprah Talks COVID-19,oprah talks covid-19,Docuseries,Interview series,2020,1,Bitti,İzleme,İzleme,Dizi,,hayır,Jenerik,tr,Doğrulanacak,evet
oprah talks covid-19 hangi platformda,Oprah Talks COVID-19,oprah talks covid-19,Docuseries,Interview series,2020,1,Bitti,Platform,İzleme,Dizi,,hayır,Jenerik,tr,Doğrulanacak,evet
oprah talks covid-19 nereden izlenir,Oprah Talks COVID-19,oprah talks covid-19,Docuseries,Interview series,2020,1,Bitti,Platform,İzleme,Dizi,,hayır,Jenerik,tr,Doğrulanacak,evet
oprah talks covid-19 netflix,Oprah Talks COVID-19,oprah talks covid-19,Docuseries,Interview series,2020,1,Bitti,Platform,İzleme,Dizi,,hayır,Platform Markalı,tr,Doğrulanacak,evet
oprah talks covid-19 apple tv,Oprah Talks COVID-19,oprah talks covid-19,Docuseries,Interview series,2020,1,Bitti,Platform,İzleme,Dizi,,hayır,Platform Markalı,tr,Doğrulanacak,evet
oprah talks covid-19 konusu,Oprah Talks COVID-19,oprah talks covid-19,Docuseries,Interview series,2020,1,Bitti,Konu,Bilgi,Dizi,,hayır,Jenerik,tr,Doğrulanacak,evet
oprah talks covid-19 ne anlatıyor,Oprah Talks COVID-19,oprah talks covid-19,Docuseries,Interview series,2020,1,Bitti,Konu,Bilgi,Dizi,,hayır,Jenerik,tr,Doğrulanacak,evet
oprah talks covid-19 oyuncuları,Oprah Talks COVID-19,oprah talks covid-19,Docuseries,Interview series,2020,1,Bitti,Oyuncular,Bilgi,Dizi,,hayır,Jenerik,tr,Doğrulanacak,evet
oprah talks covid-19 cast,Oprah Talks COVID-19,oprah talks covid-19,Docuseries,Interview series,2020,1,Bitti,Oyuncular,Bilgi,Dizi,,hayır,Jenerik,en,Doğrulanacak,evet
oprah talks covid-19 kaç sezon,Oprah Talks COVID-19,oprah talks covid-19,Docuseries,Interview series,2020,1,Bitti,Sezon Bilgi,Bilgi,Dizi,,hayır,Jenerik,tr,Doğrulanacak,evet
oprah talks covid-19 yeni sezon ne zaman,Oprah Talks COVID-19,oprah talks covid-19,Docuseries,Interview series,2020,1,Bitti,Sezon Takvim,Sezon & Takvim,Dizi,,hayır,Jenerik,tr,Doğrulanacak,evet
oprah talks covid-19 2 sezon,Oprah Talks COVID-19,oprah talks covid-19,Docuseries,Interview series,2020,1,Bitti,Sezon Takvim,Sezon & Takvim,Sezon,2,hayır,Jenerik,tr,Doğrulanacak,evet
oprah talks covid-19 3 sezon,Oprah Talks COVID-19,oprah talks covid-19,Docuseries,Interview series,2020,1,Bitti,Sezon Takvim,Sezon & Takvim,Sezon,3,hayır,Jenerik,tr,Doğrulanacak,evet
oprah talks covid-19 2 sezon ne zaman,Oprah Talks COVID-19,oprah talks covid-19,Docuseries,Interview series,2020,1,Bitti,Sezon Takvim,Sezon & Takvim,Sezon,2,hayır,Jenerik,tr,Doğrulanacak,evet
oprah talks covid-19 3 sezon ne zaman,Oprah Talks COVID-19,oprah talks covid-19,Docuseries,Interview series,2020,1,Bitti,Sezon Takvim,Sezon & Takvim,Sezon,3,hayır,Jenerik,tr,Doğrulanacak,evet
oprah talks covid-19 season 2,Oprah Talks COVID-19,oprah talks covid-19,Docuseries,Interview series,2020,1,Bitti,Sezon Takvim,Sezon & Takvim,Sezon,2,hayır,Jenerik,en,Doğrulanacak,evet
oprah talks covid-19 season 3,Oprah Talks COVID-19,oprah talks covid-19,Docuseries,Interview series,2020,1,Bitti,Sezon Takvim,Sezon & Takvim,Sezon,3,hayır,Jenerik,en,Doğrulanacak,evet
oprah talks covid-19 2 sezon izle,Oprah Talks COVID-19,oprah talks covid-19,Docuseries,Interview series,2020,1,Bitti,İzleme,İzleme,Sezon,2,hayır,Jenerik,tr,Doğrulanacak,evet
oprah talks covid-19 3 sezon izle,Oprah Talks COVID-19,oprah talks covid-19,Docuseries,Interview series,2020,1,Bitti,İzleme,İzleme,Sezon,3,hayır,Jenerik,tr,Doğrulanacak,evet
oprah talks covid-19 1 sezon 1 bölüm,Oprah Talks COVID-19,oprah talks covid-19,Docuseries,Interview series,2020,1,Bitti,Bölüm,İzleme,Bölüm,,hayır,Jenerik,tr,Doğrulanacak,evet
oprah talks covid-19 1 bölüm,Oprah Talks COVID-19,oprah talks covid-19,Docuseries,Interview series,2020,1,Bitti,Bölüm,İzleme,Bölüm,,hayır,Jenerik,tr,Doğrulanacak,evet
oprah talks covid-19 dizipal,Oprah Talks COVID-19,oprah talks covid-19,Docuseries,Interview series,2020,1,Bitti,Korsan Markalı,İzleme,Dizi,,hayır,Korsan Markalı,tr,Doğrulanacak,evet
oprah talks covid-19 dizibox,Oprah Talks COVID-19,oprah talks covid-19,Docuseries,Interview series,2020,1,Bitti,Korsan Markalı,İzleme,Dizi,,hayır,Korsan Markalı,tr,Doğrulanacak,evet
small prophets,Small Prophets,small prophets,Comedy,Comedy fantasy,2026,1,Devam,Dizi Ana,Navigasyonel,Dizi,,hayır,Jenerik,tr,Doğrulanacak,evet
small prophets dizi,Small Prophets,small prophets,Comedy,Comedy fantasy,2026,1,Devam,Dizi Ana,Navigasyonel,Dizi,,hayır,Jenerik,tr,Doğrulanacak,evet
small prophets dizisi,Small Prophets,small prophets,Comedy,Comedy fantasy,2026,1,Devam,Dizi Ana,Navigasyonel,Dizi,,hayır,Jenerik,tr,Doğrulanacak,evet
small prophets izle,Small Prophets,small prophets,Comedy,Comedy fantasy,2026,1,Devam,İzleme,İzleme,Dizi,,hayır,Jenerik,tr,Doğrulanacak,evet
small prophets türkçe dublaj izle,Small Prophets,small prophets,Comedy,Comedy fantasy,2026,1,Devam,İzleme,İzleme,Dizi,,hayır,Jenerik,tr,Doğrulanacak,evet
small prophets altyazılı izle,Small Prophets,small prophets,Comedy,Comedy fantasy,2026,1,Devam,İzleme,İzleme,Dizi,,hayır,Jenerik,tr,Doğrulanacak,evet
small prophets türkçe dublaj,Small Prophets,small prophets,Comedy,Comedy fantasy,2026,1,Devam,İzleme,İzleme,Dizi,,hayır,Jenerik,tr,Doğrulanacak,evet
small prophets dizi izle,Small Prophets,small prophets,Comedy,Comedy fantasy,2026,1,Devam,İzleme,İzleme,Dizi,,hayır,Jenerik,tr,Doğrulanacak,evet
small prophets full izle,Small Prophets,small prophets,Comedy,Comedy fantasy,2026,1,Devam,İzleme,İzleme,Dizi,,hayır,Jenerik,tr,Doğrulanacak,evet
small prophets hangi platformda,Small Prophets,small prophets,Comedy,Comedy fantasy,2026,1,Devam,Platform,İzleme,Dizi,,hayır,Jenerik,tr,Doğrulanacak,evet
small prophets nereden izlenir,Small Prophets,small prophets,Comedy,Comedy fantasy,2026,1,Devam,Platform,İzleme,Dizi,,hayır,Jenerik,tr,Doğrulanacak,evet
small prophets netflix,Small Prophets,small prophets,Comedy,Comedy fantasy,2026,1,Devam,Platform,İzleme,Dizi,,hayır,Platform Markalı,tr,Doğrulanacak,evet
small prophets apple tv,Small Prophets,small prophets,Comedy,Comedy fantasy,2026,1,Devam,Platform,İzleme,Dizi,,hayır,Platform Markalı,tr,Doğrulanacak,evet
small prophets konusu,Small Prophets,small prophets,Comedy,Comedy fantasy,2026,1,Devam,Konu,Bilgi,Dizi,,hayır,Jenerik,tr,Doğrulanacak,evet
small prophets ne anlatıyor,Small Prophets,small prophets,Comedy,Comedy fantasy,2026,1,Devam,Konu,Bilgi,Dizi,,hayır,Jenerik,tr,Doğrulanacak,evet
small prophets oyuncuları,Small Prophets,small prophets,Comedy,Comedy fantasy,2026,1,Devam,Oyuncular,Bilgi,Dizi,,hayır,Jenerik,tr,Doğrulanacak,evet
small prophets cast,Small Prophets,small prophets,Comedy,Comedy fantasy,2026,1,Devam,Oyuncular,Bilgi,Dizi,,hayır,Jenerik,en,Doğrulanacak,evet
small prophets kaç sezon,Small Prophets,small prophets,Comedy,Comedy fantasy,2026,1,Devam,Sezon Bilgi,Bilgi,Dizi,,hayır,Jenerik,tr,Doğrulanacak,evet
small prophets yeni sezon ne zaman,Small Prophets,small prophets,Comedy,Comedy fantasy,2026,1,Devam,Sezon Takvim,Sezon & Takvim,Dizi,,hayır,Jenerik,tr,Doğrulanacak,evet
small prophets 2 sezon,Small Prophets,small prophets,Comedy,Comedy fantasy,2026,1,Devam,Sezon Takvim,Sezon & Takvim,Sezon,2,hayır,Jenerik,tr,Doğrulanacak,evet
small prophets 3 sezon,Small Prophets,small prophets,Comedy,Comedy fantasy,2026,1,Devam,Sezon Takvim,Sezon & Takvim,Sezon,3,hayır,Jenerik,tr,Doğrulanacak,evet
small prophets 2 sezon ne zaman,Small Prophets,small prophets,Comedy,Comedy fantasy,2026,1,Devam,Sezon Takvim,Sezon & Takvim,Sezon,2,hayır,Jenerik,tr,Doğrulanacak,evet
small prophets 3 sezon ne zaman,Small Prophets,small prophets,Comedy,Comedy fantasy,2026,1,Devam,Sezon Takvim,Sezon & Takvim,Sezon,3,hayır,Jenerik,tr,Doğrulanacak,evet
small prophets season 2,Small Prophets,small prophets,Comedy,Comedy fantasy,2026,1,Devam,Sezon Takvim,Sezon & Takvim,Sezon,2,hayır,Jenerik,en,Doğrulanacak,evet
small prophets season 3,Small Prophets,small prophets,Comedy,Comedy fantasy,2026,1,Devam,Sezon Takvim,Sezon & Takvim,Sezon,3,hayır,Jenerik,en,Doğrulanacak,evet
small prophets 2 sezon izle,Small Prophets,small prophets,Comedy,Comedy fantasy,2026,1,Devam,İzleme,İzleme,Sezon,2,hayır,Jenerik,tr,Doğrulanacak,evet
small prophets 3 sezon izle,Small Prophets,small prophets,Comedy,Comedy fantasy,2026,1,Devam,İzleme,İzleme,Sezon,3,hayır,Jenerik,tr,Doğrulanacak,evet
small prophets 1 sezon 1 bölüm,Small Prophets,small prophets,Comedy,Comedy fantasy,2026,1,Devam,Bölüm,İzleme,Bölüm,,hayır,Jenerik,tr,Doğrulanacak,evet
small prophets 1 bölüm,Small Prophets,small prophets,Comedy,Comedy fantasy,2026,1,Devam,Bölüm,İzleme,Bölüm,,hayır,Jenerik,tr,Doğrulanacak,evet
small prophets dizipal,Small Prophets,small prophets,Comedy,Comedy fantasy,2026,1,Devam,Korsan Markalı,İzleme,Dizi,,hayır,Korsan Markalı,tr,Doğrulanacak,evet
small prophets dizibox,Small Prophets,small prophets,Comedy,Comedy fantasy,2026,1,Devam,Korsan Markalı,İzleme,Dizi,,hayır,Korsan Markalı,tr,Doğrulanacak,evet
